file_id,transcripcion,emocion_target,valencia,activacion,target_stress,path_video,path_audio,duration,session,escenario,split
MSP-IMPROV-S07A-M01-T-MF01,I am going shopping.,A,2.36,3.2,0,./data/RAW/MSP-Improv/Video/session1/S07A/T/MSP-IMPROV-S07A-M01-T-MF01.avi,./data/RAW/MSP-Improv/Audio/session1/S07A/T/MSP-IMPROV-S07A-M01-T-MF01.wav,1.3847166666666666,session1,T,train
MSP-IMPROV-S03A-F03-T-FM01,Ella made the pudding.,A,1.72,2.84,0,./data/RAW/MSP-Improv/Video/session3/S03A/T/MSP-IMPROV-S03A-F03-T-FM01.avi,./data/RAW/MSP-Improv/Audio/session3/S03A/T/MSP-IMPROV-S03A-F03-T-FM01.wav,3.219883333333333,session3,T,train
MSP-IMPROV-S01H-M06-T-MF01,How can I not?!,H,4.321429,2.678571,0,./data/RAW/MSP-Improv/Video/session6/S01H/T/MSP-IMPROV-S01H-M06-T-MF01.avi,./data/RAW/MSP-Improv/Audio/session6/S01H/T/MSP-IMPROV-S01H-M06-T-MF01.wav,1.5849166666666668,session6,T,dev
MSP-IMPROV-S03H-F03-T-FM01,Ellen Jorgensen made the pudding .,H,3.241379,2.689655,0,./data/RAW/MSP-Improv/Video/session3/S03H/T/MSP-IMPROV-S03H-F03-T-FM01.avi,./data/RAW/MSP-Improv/Audio/session3/S03H/T/MSP-IMPROV-S03H-F03-T-FM01.wav,3.186516666666667,session3,T,train
MSP-IMPROV-S10A-M06-T-MF01,I don't know how she could miss this opportunity.,A,2.576923,3.076923,0,./data/RAW/MSP-Improv/Video/session6/S10A/T/MSP-IMPROV-S10A-M06-T-MF01.avi,./data/RAW/MSP-Improv/Audio/session6/S10A/T/MSP-IMPROV-S10A-M06-T-MF01.wav,4.4544500000000005,session6,T,dev
MSP-IMPROV-S07H-F02-T-FM01,I am going shopping .,H,3.703704,3.259259,0,./data/RAW/MSP-Improv/Video/session2/S07H/T/MSP-IMPROV-S07H-F02-T-FM01.avi,./data/RAW/MSP-Improv/Audio/session2/S07H/T/MSP-IMPROV-S07H-F02-T-FM01.wav,3.069733333333333,session2,T,train
MSP-IMPROV-S01A-F03-T-FM02,How can I not??,A,1.909091,2.848485,0,./data/RAW/MSP-Improv/Video/session3/S01A/T/MSP-IMPROV-S01A-F03-T-FM02.avi,./data/RAW/MSP-Improv/Audio/session3/S01A/T/MSP-IMPROV-S01A-F03-T-FM02.wav,2.285616666666667,session3,T,train
MSP-IMPROV-S10A-M02-T-MF01,I don't know how she could miss this opportunity.,A,2.074074,3.111111,0,./data/RAW/MSP-Improv/Video/session2/S10A/T/MSP-IMPROV-S10A-M02-T-MF01.avi,./data/RAW/MSP-Improv/Audio/session2/S10A/T/MSP-IMPROV-S10A-M02-T-MF01.wav,3.520183333333333,session2,T,train
MSP-IMPROV-S12S-M05-T-MF01,Dog is insane.,S,2.5,3.71875,1,./data/RAW/MSP-Improv/Video/session5/S12S/T/MSP-IMPROV-S12S-M05-T-MF01.avi,./data/RAW/MSP-Improv/Audio/session5/S12S/T/MSP-IMPROV-S12S-M05-T-MF01.wav,1.95195,session5,T,train
MSP-IMPROV-S11A-F04-T-FM01,It is raining outside.,A,2.628571,3.228571,0,./data/RAW/MSP-Improv/Video/session4/S11A/T/MSP-IMPROV-S11A-F04-T-FM01.avi,./data/RAW/MSP-Improv/Audio/session4/S11A/T/MSP-IMPROV-S11A-F04-T-FM01.wav,1.3179833333333333,session4,T,dev
MSP-IMPROV-S01A-M06-T-MF01,How can I not??,A,2.518519,2.148148,0,./data/RAW/MSP-Improv/Video/session6/S01A/T/MSP-IMPROV-S01A-M06-T-MF01.avi,./data/RAW/MSP-Improv/Audio/session6/S01A/T/MSP-IMPROV-S01A-M06-T-MF01.wav,1.55155,session6,T,dev
MSP-IMPROV-S06H-F04-T-FM01,It's all been scheduled since Wednesday.,H,4.521739,2.913043,0,./data/RAW/MSP-Improv/Video/session4/S06H/T/MSP-IMPROV-S06H-F04-T-FM01.avi,./data/RAW/MSP-Improv/Audio/session4/S06H/T/MSP-IMPROV-S06H-F04-T-FM01.wav,2.55255,session4,T,dev
MSP-IMPROV-S11A-M04-T-MF01,It is raining outside.,A,2.121212,2.545455,0,./data/RAW/MSP-Improv/Video/session4/S11A/T/MSP-IMPROV-S11A-M04-T-MF01.avi,./data/RAW/MSP-Improv/Audio/session4/S11A/T/MSP-IMPROV-S11A-M04-T-MF01.wav,1.75175,session4,T,dev
MSP-IMPROV-S11H-M05-T-MF01,It is waiting outside.,H,4.333333,2.625,0,./data/RAW/MSP-Improv/Video/session5/S11H/T/MSP-IMPROV-S11H-M05-T-MF01.avi,./data/RAW/MSP-Improv/Audio/session5/S11H/T/MSP-IMPROV-S11H-M05-T-MF01.wav,2.35235,session5,T,train
MSP-IMPROV-S04N-M04-T-MF01,The floor was completely covered.,N,2.826087,3.26087,0,./data/RAW/MSP-Improv/Video/session4/S04N/T/MSP-IMPROV-S04N-M04-T-MF01.avi,./data/RAW/MSP-Improv/Audio/session4/S04N/T/MSP-IMPROV-S04N-M04-T-MF01.wav,1.8184833333333332,session4,T,dev
MSP-IMPROV-S15A-F04-T-FM01,Only I joined the ceremony.,A,2.580645,3.290323,0,./data/RAW/MSP-Improv/Video/session4/S15A/T/MSP-IMPROV-S15A-F04-T-FM01.avi,./data/RAW/MSP-Improv/Audio/session4/S15A/T/MSP-IMPROV-S15A-F04-T-FM01.wav,1.9019,session4,T,dev
MSP-IMPROV-S06A-M04-T-MF01,It has all been scheduled since Wednesday.,A,2.142857,2.607143,0,./data/RAW/MSP-Improv/Video/session4/S06A/T/MSP-IMPROV-S06A-M04-T-MF01.avi,./data/RAW/MSP-Improv/Audio/session4/S06A/T/MSP-IMPROV-S06A-M04-T-MF01.wav,3.1197833333333334,session4,T,dev
MSP-IMPROV-S04H-M01-T-MF01,The floor was completely covered-,H,2.566667,3.133333,0,./data/RAW/MSP-Improv/Video/session1/S04H/T/MSP-IMPROV-S04H-M01-T-MF01.avi,./data/RAW/MSP-Improv/Audio/session1/S04H/T/MSP-IMPROV-S04H-M01-T-MF01.wav,1.1177833333333334,session1,T,train
MSP-IMPROV-S10N-F01-T-FM01,I don't know how she could miss this opportunity.,N,2.65625,3.4375,1,./data/RAW/MSP-Improv/Video/session1/S10N/T/MSP-IMPROV-S10N-F01-T-FM01.avi,./data/RAW/MSP-Improv/Audio/session1/S10N/T/MSP-IMPROV-S10N-F01-T-FM01.wav,1.8852166666666668,session1,T,train
MSP-IMPROV-S10H-M06-T-MF01,I don't know how she could miss this opportunity.,H,3.862069,2.551724,0,./data/RAW/MSP-Improv/Video/session6/S10H/T/MSP-IMPROV-S10H-M06-T-MF01.avi,./data/RAW/MSP-Improv/Audio/session6/S10H/T/MSP-IMPROV-S10H-M06-T-MF01.wav,3.0864166666666666,session6,T,dev
MSP-IMPROV-S03H-F05-T-FM01,Really.,H,4.62069,2.448276,0,./data/RAW/MSP-Improv/Video/session5/S03H/T/MSP-IMPROV-S03H-F05-T-FM01.avi,./data/RAW/MSP-Improv/Audio/session5/S03H/T/MSP-IMPROV-S03H-F05-T-FM01.wav,3.75375,session5,T,train
MSP-IMPROV-S12H-F06-T-FM01,Talk. It's insane.,H,3.529412,2.558824,0,./data/RAW/MSP-Improv/Video/session6/S12H/T/MSP-IMPROV-S12H-F06-T-FM01.avi,./data/RAW/MSP-Improv/Audio/session6/S12H/T/MSP-IMPROV-S12H-F06-T-FM01.wav,3.3867166666666666,session6,T,dev
MSP-IMPROV-S04H-F06-T-FM01,The floor was completely covered.,H,3.548387,2.903226,0,./data/RAW/MSP-Improv/Video/session6/S04H/T/MSP-IMPROV-S04H-F06-T-FM01.avi,./data/RAW/MSP-Improv/Audio/session6/S04H/T/MSP-IMPROV-S04H-F06-T-FM01.wav,3.1197833333333334,session6,T,dev
MSP-IMPROV-S08N-M04-T-MF01,A preliminary study shows rats to be more inquisitive than once thought .,N,3.185185,3.666667,0,./data/RAW/MSP-Improv/Video/session4/S08N/T/MSP-IMPROV-S08N-M04-T-MF01.avi,./data/RAW/MSP-Improv/Audio/session4/S08N/T/MSP-IMPROV-S08N-M04-T-MF01.wav,4.521183333333333,session4,T,dev
MSP-IMPROV-S11N-F05-T-FM01,It is raining outside.,N,3.0,3.740741,0,./data/RAW/MSP-Improv/Video/session5/S11N/T/MSP-IMPROV-S11N-F05-T-FM01.avi,./data/RAW/MSP-Improv/Audio/session5/S11N/T/MSP-IMPROV-S11N-F05-T-FM01.wav,2.0854166666666667,session5,T,train
MSP-IMPROV-S07H-F03-T-FM01,I am going shopping .,H,3.857143,2.821429,0,./data/RAW/MSP-Improv/Video/session3/S07H/T/MSP-IMPROV-S07H-F03-T-FM01.avi,./data/RAW/MSP-Improv/Audio/session3/S07H/T/MSP-IMPROV-S07H-F03-T-FM01.wav,2.85285,session3,T,train
MSP-IMPROV-S11A-F06-T-FM01,It is raining outside.,A,1.692308,3.038462,0,./data/RAW/MSP-Improv/Video/session6/S11A/T/MSP-IMPROV-S11A-F06-T-FM01.avi,./data/RAW/MSP-Improv/Audio/session6/S11A/T/MSP-IMPROV-S11A-F06-T-FM01.wav,2.619283333333333,session6,T,dev
MSP-IMPROV-S06N-M02-T-MF01,It has all been scheduled since Wednesday.,N,3.038462,3.807692,0,./data/RAW/MSP-Improv/Video/session2/S06N/T/MSP-IMPROV-S06N-M02-T-MF01.avi,./data/RAW/MSP-Improv/Audio/session2/S06N/T/MSP-IMPROV-S06N-M02-T-MF01.wav,2.569233333333333,session2,T,train
MSP-IMPROV-S08A-M06-T-MF01,A preliminary study shows rats to be more inquisitive than once thought.,A,2.615385,2.769231,0,./data/RAW/MSP-Improv/Video/session6/S08A/T/MSP-IMPROV-S08A-M06-T-MF01.avi,./data/RAW/MSP-Improv/Audio/session6/S08A/T/MSP-IMPROV-S08A-M06-T-MF01.wav,5.088416666666666,session6,T,dev
MSP-IMPROV-S11S-M06-T-MF01,It is raining outside.,S,2.096774,3.677419,1,./data/RAW/MSP-Improv/Video/session6/S11S/T/MSP-IMPROV-S11S-M06-T-MF01.avi,./data/RAW/MSP-Improv/Audio/session6/S11S/T/MSP-IMPROV-S11S-M06-T-MF01.wav,2.65265,session6,T,dev
MSP-IMPROV-S03N-M06-T-MF01,Ella Jorgensen made the pudding.,N,3.225806,3.322581,0,./data/RAW/MSP-Improv/Video/session6/S03N/T/MSP-IMPROV-S03N-M06-T-MF01.avi,./data/RAW/MSP-Improv/Audio/session6/S03N/T/MSP-IMPROV-S03N-M06-T-MF01.wav,1.9185833333333333,session6,T,dev
MSP-IMPROV-S05A-F03-T-FM02,They were just going to go ahead regardless.,A,1.83871,3.064516,0,./data/RAW/MSP-Improv/Video/session3/S05A/T/MSP-IMPROV-S05A-F03-T-FM02.avi,./data/RAW/MSP-Improv/Audio/session3/S05A/T/MSP-IMPROV-S05A-F03-T-FM02.wav,3.486816666666667,session3,T,train
MSP-IMPROV-S10N-F03-T-FM01,I don't know how she could miss this opportunity.,N,2.36,3.48,1,./data/RAW/MSP-Improv/Video/session3/S10N/T/MSP-IMPROV-S10N-F03-T-FM01.avi,./data/RAW/MSP-Improv/Audio/session3/S10N/T/MSP-IMPROV-S10N-F03-T-FM01.wav,4.287616666666667,session3,T,train
MSP-IMPROV-S09S-M05-T-MF01,That's it. The meeting is finished.,S,2.290323,3.806452,1,./data/RAW/MSP-Improv/Video/session5/S09S/T/MSP-IMPROV-S09S-M05-T-MF01.avi,./data/RAW/MSP-Improv/Audio/session5/S09S/T/MSP-IMPROV-S09S-M05-T-MF01.wav,2.018683333333333,session5,T,train
MSP-IMPROV-S11S-F06-T-FM01,It is raining outside.,S,2.083333,3.875,1,./data/RAW/MSP-Improv/Video/session6/S11S/T/MSP-IMPROV-S11S-F06-T-FM01.avi,./data/RAW/MSP-Improv/Audio/session6/S11S/T/MSP-IMPROV-S11S-F06-T-FM01.wav,3.319983333333333,session6,T,dev
MSP-IMPROV-S14S-M06-T-MF01,Your grandmother is on the phone.,S,1.75,3.4,1,./data/RAW/MSP-Improv/Video/session6/S14S/T/MSP-IMPROV-S14S-M06-T-MF01.avi,./data/RAW/MSP-Improv/Audio/session6/S14S/T/MSP-IMPROV-S14S-M06-T-MF01.wav,3.55355,session6,T,dev
MSP-IMPROV-S12S-F05-T-FM01,Your dog is insane.,S,2.058824,3.735294,1,./data/RAW/MSP-Improv/Video/session5/S12S/T/MSP-IMPROV-S12S-F05-T-FM01.avi,./data/RAW/MSP-Improv/Audio/session5/S12S/T/MSP-IMPROV-S12S-F05-T-FM01.wav,2.55255,session5,T,train
MSP-IMPROV-S06N-M04-T-MF01,It has all been scheduled since Wednesday.,N,3.205882,3.647059,0,./data/RAW/MSP-Improv/Video/session4/S06N/T/MSP-IMPROV-S06N-M04-T-MF01.avi,./data/RAW/MSP-Improv/Audio/session4/S06N/T/MSP-IMPROV-S06N-M04-T-MF01.wav,2.7861166666666666,session4,T,dev
MSP-IMPROV-S08H-F04-T-FM01,A preliminary study shows rats to be more inquisitive than once thought.,H,3.481481,3.185185,0,./data/RAW/MSP-Improv/Video/session4/S08H/T/MSP-IMPROV-S08H-F04-T-FM01.avi,./data/RAW/MSP-Improv/Audio/session4/S08H/T/MSP-IMPROV-S08H-F04-T-FM01.wav,3.25325,session4,T,dev
MSP-IMPROV-S01N-F05-T-FM01,How can I not.,N,2.956522,3.869565,0,./data/RAW/MSP-Improv/Video/session5/S01N/T/MSP-IMPROV-S01N-F05-T-FM01.avi,./data/RAW/MSP-Improv/Audio/session5/S01N/T/MSP-IMPROV-S01N-F05-T-FM01.wav,2.95295,session5,T,train
MSP-IMPROV-S02A-F06-T-FM01,I'm quite sure that we will find some way or another.,A,2.870968,3.193548,0,./data/RAW/MSP-Improv/Video/session6/S02A/T/MSP-IMPROV-S02A-F06-T-FM01.avi,./data/RAW/MSP-Improv/Audio/session6/S02A/T/MSP-IMPROV-S02A-F06-T-FM01.wav,4.55455,session6,T,dev
MSP-IMPROV-S05S-F04-T-FM01,They're just going to go ahead regardless.,S,2.0,3.391304,0,./data/RAW/MSP-Improv/Video/session4/S05S/T/MSP-IMPROV-S05S-F04-T-FM01.avi,./data/RAW/MSP-Improv/Audio/session4/S05S/T/MSP-IMPROV-S05S-F04-T-FM01.wav,4.25425,session4,T,dev
MSP-IMPROV-S06N-F04-T-FM01,It has all been scheduled since Wednesday.,N,3.230769,4.0,0,./data/RAW/MSP-Improv/Video/session4/S06N/T/MSP-IMPROV-S06N-F04-T-FM01.avi,./data/RAW/MSP-Improv/Audio/session4/S06N/T/MSP-IMPROV-S06N-F04-T-FM01.wav,1.8184833333333332,session4,T,dev
MSP-IMPROV-S07H-F06-T-FM01,I am going shopping.,H,4.555556,2.814815,0,./data/RAW/MSP-Improv/Video/session6/S07H/T/MSP-IMPROV-S07H-F06-T-FM01.avi,./data/RAW/MSP-Improv/Audio/session6/S07H/T/MSP-IMPROV-S07H-F06-T-FM01.wav,2.619283333333333,session6,T,dev
MSP-IMPROV-S02N-M03-T-MF01,I'm quite sure that we will find some way or another .,N,2.961538,3.846154,0,./data/RAW/MSP-Improv/Video/session3/S02N/T/MSP-IMPROV-S02N-M03-T-MF01.avi,./data/RAW/MSP-Improv/Audio/session3/S02N/T/MSP-IMPROV-S02N-M03-T-MF01.wav,3.4200833333333334,session3,T,train
MSP-IMPROV-S11N-F02-T-FM01,It's raining outside.,N,2.666667,4.1,1,./data/RAW/MSP-Improv/Video/session2/S11N/T/MSP-IMPROV-S11N-F02-T-FM01.avi,./data/RAW/MSP-Improv/Audio/session2/S11N/T/MSP-IMPROV-S11N-F02-T-FM01.wav,1.9686333333333332,session2,T,train
MSP-IMPROV-S06A-F04-T-FM01,It has all been scheduled since Wednesday.,A,2.741935,3.483871,0,./data/RAW/MSP-Improv/Video/session4/S06A/T/MSP-IMPROV-S06A-F04-T-FM01.avi,./data/RAW/MSP-Improv/Audio/session4/S06A/T/MSP-IMPROV-S06A-F04-T-FM01.wav,2.85285,session4,T,dev
MSP-IMPROV-S05H-F03-T-FM01,They're just going to go ahead regardless.,H,2.653846,3.730769,1,./data/RAW/MSP-Improv/Video/session3/S05H/T/MSP-IMPROV-S05H-F03-T-FM01.avi,./data/RAW/MSP-Improv/Audio/session3/S05H/T/MSP-IMPROV-S05H-F03-T-FM01.wav,3.8872166666666663,session3,T,train
MSP-IMPROV-S14N-F05-T-FM01,Your grandmother is on the phone.,N,2.814815,3.703704,0,./data/RAW/MSP-Improv/Video/session5/S14N/T/MSP-IMPROV-S14N-F05-T-FM01.avi,./data/RAW/MSP-Improv/Audio/session5/S14N/T/MSP-IMPROV-S14N-F05-T-FM01.wav,2.65265,session5,T,train
MSP-IMPROV-S05A-M03-T-MF01,They're just going to go ahead regardless.,A,2.424242,3.666667,1,./data/RAW/MSP-Improv/Video/session3/S05A/T/MSP-IMPROV-S05A-M03-T-MF01.avi,./data/RAW/MSP-Improv/Audio/session3/S05A/T/MSP-IMPROV-S05A-M03-T-MF01.wav,2.35235,session3,T,train
MSP-IMPROV-S10S-F01-T-FM01,I don't know how she could miss this opportunity.,S,2.0,3.64,1,./data/RAW/MSP-Improv/Video/session1/S10S/T/MSP-IMPROV-S10S-F01-T-FM01.avi,./data/RAW/MSP-Improv/Audio/session1/S10S/T/MSP-IMPROV-S10S-F01-T-FM01.wav,3.4200833333333334,session1,T,train
MSP-IMPROV-S12N-F02-T-FM01,Your dog is insane.,N,2.5,3.583333,1,./data/RAW/MSP-Improv/Video/session2/S12N/T/MSP-IMPROV-S12N-F02-T-FM01.avi,./data/RAW/MSP-Improv/Audio/session2/S12N/T/MSP-IMPROV-S12N-F02-T-FM01.wav,3.169833333333333,session2,T,train
MSP-IMPROV-S03A-F01-T-FM01,Ella Jorgensen made the pudding.,A,2.285714,2.857143,0,./data/RAW/MSP-Improv/Video/session1/S03A/T/MSP-IMPROV-S03A-F01-T-FM01.avi,./data/RAW/MSP-Improv/Audio/session1/S03A/T/MSP-IMPROV-S03A-F01-T-FM01.wav,2.419083333333333,session1,T,train
MSP-IMPROV-S05H-M02-T-MF01,They're just going to go ahead regardless.,H,3.137931,3.793103,0,./data/RAW/MSP-Improv/Video/session2/S05H/T/MSP-IMPROV-S05H-M02-T-MF01.avi,./data/RAW/MSP-Improv/Audio/session2/S05H/T/MSP-IMPROV-S05H-M02-T-MF01.wav,2.886216666666667,session2,T,train
MSP-IMPROV-S07N-F01-T-FM01,I am going shopping.,N,3.129032,4.032258,0,./data/RAW/MSP-Improv/Video/session1/S07N/T/MSP-IMPROV-S07N-F01-T-FM01.avi,./data/RAW/MSP-Improv/Audio/session1/S07N/T/MSP-IMPROV-S07N-F01-T-FM01.wav,1.5181833333333334,session1,T,train
MSP-IMPROV-S09H-M06-T-MF01,That's it. The meeting's finished.,H,4.25,3.28125,0,./data/RAW/MSP-Improv/Video/session6/S09H/T/MSP-IMPROV-S09H-M06-T-MF01.avi,./data/RAW/MSP-Improv/Audio/session6/S09H/T/MSP-IMPROV-S09H-M06-T-MF01.wav,4.7547500000000005,session6,T,dev
MSP-IMPROV-S07N-F04-T-FM01,I'm going shopping.,N,3.3,3.3,0,./data/RAW/MSP-Improv/Video/session4/S07N/T/MSP-IMPROV-S07N-F04-T-FM01.avi,./data/RAW/MSP-Improv/Audio/session4/S07N/T/MSP-IMPROV-S07N-F04-T-FM01.wav,1.35135,session4,T,dev
MSP-IMPROV-S06A-M05-T-MF01,It has all been scheduled since Wednesday.,A,2.571429,2.75,0,./data/RAW/MSP-Improv/Video/session5/S06A/T/MSP-IMPROV-S06A-M05-T-MF01.avi,./data/RAW/MSP-Improv/Audio/session5/S06A/T/MSP-IMPROV-S06A-M05-T-MF01.wav,2.9863166666666667,session5,T,train
MSP-IMPROV-S12S-M06-T-MF01,Your talk is insane.,S,2.366667,3.266667,0,./data/RAW/MSP-Improv/Video/session6/S12S/T/MSP-IMPROV-S12S-M06-T-MF01.avi,./data/RAW/MSP-Improv/Audio/session6/S12S/T/MSP-IMPROV-S12S-M06-T-MF01.wav,3.219883333333333,session6,T,dev
MSP-IMPROV-S01S-M02-T-MF01,How can I not .,S,2.074074,2.814815,0,./data/RAW/MSP-Improv/Video/session2/S01S/T/MSP-IMPROV-S01S-M02-T-MF01.avi,./data/RAW/MSP-Improv/Audio/session2/S01S/T/MSP-IMPROV-S01S-M02-T-MF01.wav,2.1855166666666666,session2,T,train
MSP-IMPROV-S05N-M03-T-MF01,They're just going to go ahead regardless.,N,2.71875,3.84375,0,./data/RAW/MSP-Improv/Video/session3/S05N/T/MSP-IMPROV-S05N-M03-T-MF01.avi,./data/RAW/MSP-Improv/Audio/session3/S05N/T/MSP-IMPROV-S05N-M03-T-MF01.wav,3.019683333333333,session3,T,train
MSP-IMPROV-S01S-M03-T-MF01,How could I not?,S,2.733333,3.866667,0,./data/RAW/MSP-Improv/Video/session3/S01S/T/MSP-IMPROV-S01S-M03-T-MF01.avi,./data/RAW/MSP-Improv/Audio/session3/S01S/T/MSP-IMPROV-S01S-M03-T-MF01.wav,1.785116666666667,session3,T,train
MSP-IMPROV-S04N-F06-T-FM01,The floor was completely covered.,N,3.0,3.730769,0,./data/RAW/MSP-Improv/Video/session6/S04N/T/MSP-IMPROV-S04N-F06-T-FM01.avi,./data/RAW/MSP-Improv/Audio/session6/S04N/T/MSP-IMPROV-S04N-F06-T-FM01.wav,2.1855166666666666,session6,T,dev
MSP-IMPROV-S10N-F02-T-FM01,I don't know how she could miss this opportunity.,N,2.702703,3.675676,0,./data/RAW/MSP-Improv/Video/session2/S10N/T/MSP-IMPROV-S10N-F02-T-FM01.avi,./data/RAW/MSP-Improv/Audio/session2/S10N/T/MSP-IMPROV-S10N-F02-T-FM01.wav,3.003,session2,T,train
MSP-IMPROV-S08A-F02-T-FM01,A preliminary study shows rats to be more inquisitive than once thought.,A,2.742857,3.457143,0,./data/RAW/MSP-Improv/Video/session2/S08A/T/MSP-IMPROV-S08A-F02-T-FM01.avi,./data/RAW/MSP-Improv/Audio/session2/S08A/T/MSP-IMPROV-S08A-F02-T-FM01.wav,4.9049000000000005,session2,T,train
MSP-IMPROV-S08S-M03-T-MF01,A preliminary study shows that to be more inquisitive than once thought.,S,2.75,3.90625,0,./data/RAW/MSP-Improv/Video/session3/S08S/T/MSP-IMPROV-S08S-M03-T-MF01.avi,./data/RAW/MSP-Improv/Audio/session3/S08S/T/MSP-IMPROV-S08S-M03-T-MF01.wav,4.771433333333333,session3,T,train
MSP-IMPROV-S03A-F03-T-FM02,Ella Jorgensen made the pudding.,A,3.4375,3.4375,0,./data/RAW/MSP-Improv/Video/session3/S03A/T/MSP-IMPROV-S03A-F03-T-FM02.avi,./data/RAW/MSP-Improv/Audio/session3/S03A/T/MSP-IMPROV-S03A-F03-T-FM02.wav,3.55355,session3,T,train
MSP-IMPROV-S09H-F01-T-FM01,That's it. The meeting is finished.,H,4.142857,2.607143,0,./data/RAW/MSP-Improv/Video/session1/S09H/T/MSP-IMPROV-S09H-F01-T-FM01.avi,./data/RAW/MSP-Improv/Audio/session1/S09H/T/MSP-IMPROV-S09H-F01-T-FM01.wav,2.0854166666666667,session1,T,train
MSP-IMPROV-S09N-F01-T-FM01,That's it. The meeting is finished.,N,3.16,3.48,0,./data/RAW/MSP-Improv/Video/session1/S09N/T/MSP-IMPROV-S09N-F01-T-FM01.avi,./data/RAW/MSP-Improv/Audio/session1/S09N/T/MSP-IMPROV-S09N-F01-T-FM01.wav,2.419083333333333,session1,T,train
MSP-IMPROV-S03S-M02-T-MF01,Ellen Jorgensen made the pudding .,S,2.806452,3.709677,0,./data/RAW/MSP-Improv/Video/session2/S03S/T/MSP-IMPROV-S03S-M02-T-MF01.avi,./data/RAW/MSP-Improv/Audio/session2/S03S/T/MSP-IMPROV-S03S-M02-T-MF01.wav,3.3533500000000003,session2,T,train
MSP-IMPROV-S09S-M04-T-MF01,That's it. The meeting is finished. .,S,2.0,3.037037,0,./data/RAW/MSP-Improv/Video/session4/S09S/T/MSP-IMPROV-S09S-M04-T-MF01.avi,./data/RAW/MSP-Improv/Audio/session4/S09S/T/MSP-IMPROV-S09S-M04-T-MF01.wav,2.919583333333333,session4,T,dev
MSP-IMPROV-S11N-M06-T-MF01,It is raining outside.,N,2.15,3.6,1,./data/RAW/MSP-Improv/Video/session6/S11N/T/MSP-IMPROV-S11N-M06-T-MF01.avi,./data/RAW/MSP-Improv/Audio/session6/S11N/T/MSP-IMPROV-S11N-M06-T-MF01.wav,3.25325,session6,T,dev
MSP-IMPROV-S11H-F05-T-FM01,It is raining outside.,H,3.8,2.3,0,./data/RAW/MSP-Improv/Video/session5/S11H/T/MSP-IMPROV-S11H-F05-T-FM01.avi,./data/RAW/MSP-Improv/Audio/session5/S11H/T/MSP-IMPROV-S11H-F05-T-FM01.wav,3.3533500000000003,session5,T,train
MSP-IMPROV-S08H-M02-T-MF01,A preliminary study shows rats to be more inquisitive than once thought .,H,3.714286,3.52381,0,./data/RAW/MSP-Improv/Video/session2/S08H/T/MSP-IMPROV-S08H-M02-T-MF01.avi,./data/RAW/MSP-Improv/Audio/session2/S08H/T/MSP-IMPROV-S08H-M02-T-MF01.wav,4.5045,session2,T,train
MSP-IMPROV-S01S-M06-T-MF01,How can I not.,S,2.62069,3.137931,0,./data/RAW/MSP-Improv/Video/session6/S01S/T/MSP-IMPROV-S01S-M06-T-MF01.avi,./data/RAW/MSP-Improv/Audio/session6/S01S/T/MSP-IMPROV-S01S-M06-T-MF01.wav,2.15215,session6,T,dev
MSP-IMPROV-S01S-F05-T-FM01,How can I not.,S,2.0,3.304348,0,./data/RAW/MSP-Improv/Video/session5/S01S/T/MSP-IMPROV-S01S-F05-T-FM01.avi,./data/RAW/MSP-Improv/Audio/session5/S01S/T/MSP-IMPROV-S01S-F05-T-FM01.wav,2.886216666666667,session5,T,train
MSP-IMPROV-S08N-F06-T-FM01,A preliminary study shows rats to be more inquisitive than one spot.,N,3.176471,3.470588,0,./data/RAW/MSP-Improv/Video/session6/S08N/T/MSP-IMPROV-S08N-F06-T-FM01.avi,./data/RAW/MSP-Improv/Audio/session6/S08N/T/MSP-IMPROV-S08N-F06-T-FM01.wav,4.187516666666666,session6,T,dev
MSP-IMPROV-S01S-F06-T-FM01,How can I not.,S,1.909091,3.181818,0,./data/RAW/MSP-Improv/Video/session6/S01S/T/MSP-IMPROV-S01S-F06-T-FM01.avi,./data/RAW/MSP-Improv/Audio/session6/S01S/T/MSP-IMPROV-S01S-F06-T-FM01.wav,2.4858166666666666,session6,T,dev
MSP-IMPROV-S07S-F01-T-FM01,I am going shopping.-,S,2.083333,3.277778,0,./data/RAW/MSP-Improv/Video/session1/S07S/T/MSP-IMPROV-S07S-F01-T-FM01.avi,./data/RAW/MSP-Improv/Audio/session1/S07S/T/MSP-IMPROV-S07S-F01-T-FM01.wav,2.6860166666666667,session1,T,train
MSP-IMPROV-S10S-M06-T-MF01,I don't know how she could miss this opportunity.,S,2.0,2.647059,0,./data/RAW/MSP-Improv/Video/session6/S10S/T/MSP-IMPROV-S10S-M06-T-MF01.avi,./data/RAW/MSP-Improv/Audio/session6/S10S/T/MSP-IMPROV-S10S-M06-T-MF01.wav,4.287616666666667,session6,T,dev
MSP-IMPROV-S06S-F02-T-FM01,It has all been scheduled since Wednesday.,S,2.076923,3.769231,1,./data/RAW/MSP-Improv/Video/session2/S06S/T/MSP-IMPROV-S06S-F02-T-FM01.avi,./data/RAW/MSP-Improv/Audio/session2/S06S/T/MSP-IMPROV-S06S-F02-T-FM01.wav,3.036366666666667,session2,T,train
MSP-IMPROV-S04N-F02-T-FM01,The floor was completely covered.,N,2.517241,3.482759,1,./data/RAW/MSP-Improv/Video/session2/S04N/T/MSP-IMPROV-S04N-F02-T-FM01.avi,./data/RAW/MSP-Improv/Audio/session2/S04N/T/MSP-IMPROV-S04N-F02-T-FM01.wav,1.8852166666666668,session2,T,train
MSP-IMPROV-S13H-M06-T-MF01,She told me what you did.,H,4.0,3.208333,0,./data/RAW/MSP-Improv/Video/session6/S13H/T/MSP-IMPROV-S13H-M06-T-MF01.avi,./data/RAW/MSP-Improv/Audio/session6/S13H/T/MSP-IMPROV-S13H-M06-T-MF01.wav,1.55155,session6,T,dev
MSP-IMPROV-S06S-F06-T-FM01,It has all been scheduled since Wednesday.,S,2.40625,3.8125,1,./data/RAW/MSP-Improv/Video/session6/S06S/T/MSP-IMPROV-S06S-F06-T-FM01.avi,./data/RAW/MSP-Improv/Audio/session6/S06S/T/MSP-IMPROV-S06S-F06-T-FM01.wav,2.7527500000000003,session6,T,dev
MSP-IMPROV-S04N-F05-T-FM01,The floor was completely covered.,N,2.95,3.3,0,./data/RAW/MSP-Improv/Video/session5/S04N/T/MSP-IMPROV-S04N-F05-T-FM01.avi,./data/RAW/MSP-Improv/Audio/session5/S04N/T/MSP-IMPROV-S04N-F05-T-FM01.wav,2.55255,session5,T,train
MSP-IMPROV-S04H-F03-T-FM01,The floor was completely covered.,H,2.806452,2.709677,0,./data/RAW/MSP-Improv/Video/session3/S04H/T/MSP-IMPROV-S04H-F03-T-FM01.avi,./data/RAW/MSP-Improv/Audio/session3/S04H/T/MSP-IMPROV-S04H-F03-T-FM01.wav,2.95295,session3,T,train
MSP-IMPROV-S05A-M06-T-MF01,They're just going to go ahead regardless.,A,2.310345,3.37931,0,./data/RAW/MSP-Improv/Video/session6/S05A/T/MSP-IMPROV-S05A-M06-T-MF01.avi,./data/RAW/MSP-Improv/Audio/session6/S05A/T/MSP-IMPROV-S05A-M06-T-MF01.wav,3.6870166666666666,session6,T,dev
MSP-IMPROV-S06S-F04-T-FM01,It's all been scheduled since Wednesday.,S,1.846154,4.0,1,./data/RAW/MSP-Improv/Video/session4/S06S/T/MSP-IMPROV-S06S-F04-T-FM01.avi,./data/RAW/MSP-Improv/Audio/session4/S06S/T/MSP-IMPROV-S06S-F04-T-FM01.wav,2.118783333333333,session4,T,dev
MSP-IMPROV-S14H-F05-T-FM01,Your grandmother is on the phone.,H,4.5,2.807692,0,./data/RAW/MSP-Improv/Video/session5/S14H/T/MSP-IMPROV-S14H-F05-T-FM01.avi,./data/RAW/MSP-Improv/Audio/session5/S14H/T/MSP-IMPROV-S14H-F05-T-FM01.wav,2.3857166666666667,session5,T,train
MSP-IMPROV-S08A-M01-T-MF01,A preliminary study shows rats to be more inquisitive than once thought.,A,1.964286,2.821429,0,./data/RAW/MSP-Improv/Video/session1/S08A/T/MSP-IMPROV-S08A-M01-T-MF01.avi,./data/RAW/MSP-Improv/Audio/session1/S08A/T/MSP-IMPROV-S08A-M01-T-MF01.wav,5.088416666666666,session1,T,train
MSP-IMPROV-S13A-M06-T-MF01,She told me what you did .,A,1.814815,2.62963,0,./data/RAW/MSP-Improv/Video/session6/S13A/T/MSP-IMPROV-S13A-M06-T-MF01.avi,./data/RAW/MSP-Improv/Audio/session6/S13A/T/MSP-IMPROV-S13A-M06-T-MF01.wav,3.2866166666666667,session6,T,dev
MSP-IMPROV-S12H-M05-T-MF01,Your dog is insane.,H,3.878788,2.424242,0,./data/RAW/MSP-Improv/Video/session5/S12H/T/MSP-IMPROV-S12H-M05-T-MF01.avi,./data/RAW/MSP-Improv/Audio/session5/S12H/T/MSP-IMPROV-S12H-M05-T-MF01.wav,1.7183833333333334,session5,T,train
MSP-IMPROV-S01A-M02-T-MF01,How can I not.,A,2.16,3.08,0,./data/RAW/MSP-Improv/Video/session2/S01A/T/MSP-IMPROV-S01A-M02-T-MF01.avi,./data/RAW/MSP-Improv/Audio/session2/S01A/T/MSP-IMPROV-S01A-M02-T-MF01.wav,2.05205,session2,T,train
MSP-IMPROV-S06N-F01-T-FM01,It's just all been scheduled since Wednesday.,N,2.709677,4.032258,0,./data/RAW/MSP-Improv/Video/session1/S06N/T/MSP-IMPROV-S06N-F01-T-FM01.avi,./data/RAW/MSP-Improv/Audio/session1/S06N/T/MSP-IMPROV-S06N-F01-T-FM01.wav,2.05205,session1,T,train
MSP-IMPROV-S12A-M04-T-MF01,Your dog is insane.,A,2.115385,2.692308,0,./data/RAW/MSP-Improv/Video/session4/S12A/T/MSP-IMPROV-S12A-M04-T-MF01.avi,./data/RAW/MSP-Improv/Audio/session4/S12A/T/MSP-IMPROV-S12A-M04-T-MF01.wav,2.1855166666666666,session4,T,dev
MSP-IMPROV-S14N-F04-T-FM01,Your grandmother's on the phone.,N,3.125,3.75,0,./data/RAW/MSP-Improv/Video/session4/S14N/T/MSP-IMPROV-S14N-F04-T-FM01.avi,./data/RAW/MSP-Improv/Audio/session4/S14N/T/MSP-IMPROV-S14N-F04-T-FM01.wav,2.6359666666666666,session4,T,dev
MSP-IMPROV-S01H-F05-T-FM01,How can I not .,H,4.285714,2.607143,0,./data/RAW/MSP-Improv/Video/session5/S01H/T/MSP-IMPROV-S01H-F05-T-FM01.avi,./data/RAW/MSP-Improv/Audio/session5/S01H/T/MSP-IMPROV-S01H-F05-T-FM01.wav,2.318983333333333,session5,T,train
MSP-IMPROV-S11A-F02-T-FM01,It's raining outside.,A,2.692308,3.5,1,./data/RAW/MSP-Improv/Video/session2/S11A/T/MSP-IMPROV-S11A-F02-T-FM01.avi,./data/RAW/MSP-Improv/Audio/session2/S11A/T/MSP-IMPROV-S11A-F02-T-FM01.wav,2.769433333333333,session2,T,train
MSP-IMPROV-S08S-M05-T-MF01,A preliminary study shows rats to be more inquisitive than one slot.,S,3.0,3.833333,0,./data/RAW/MSP-Improv/Video/session5/S08S/T/MSP-IMPROV-S08S-M05-T-MF01.avi,./data/RAW/MSP-Improv/Audio/session5/S08S/T/MSP-IMPROV-S08S-M05-T-MF01.wav,4.020683333333333,session5,T,train
MSP-IMPROV-S15H-M05-T-MF01,Only I joined her in the ceremony.,H,3.647059,3.117647,0,./data/RAW/MSP-Improv/Video/session5/S15H/T/MSP-IMPROV-S15H-M05-T-MF01.avi,./data/RAW/MSP-Improv/Audio/session5/S15H/T/MSP-IMPROV-S15H-M05-T-MF01.wav,2.0854166666666667,session5,T,train
MSP-IMPROV-S05S-F05-T-FM01,They are just going to go ahead regardless.,S,2.166667,3.5,1,./data/RAW/MSP-Improv/Video/session5/S05S/T/MSP-IMPROV-S05S-F05-T-FM01.avi,./data/RAW/MSP-Improv/Audio/session5/S05S/T/MSP-IMPROV-S05S-F05-T-FM01.wav,4.788116666666666,session5,T,train
MSP-IMPROV-S04H-M06-T-MF01,The floor was completely covered.,H,4.0,4.2,0,./data/RAW/MSP-Improv/Video/session6/S04H/T/MSP-IMPROV-S04H-M06-T-MF01.avi,./data/RAW/MSP-Improv/Audio/session6/S04H/T/MSP-IMPROV-S04H-M06-T-MF01.wav,2.65265,session6,T,dev
MSP-IMPROV-S13N-F05-T-FM01,Yeah. She told me what you did.,N,3.068966,3.448276,0,./data/RAW/MSP-Improv/Video/session5/S13N/T/MSP-IMPROV-S13N-F05-T-FM01.avi,./data/RAW/MSP-Improv/Audio/session5/S13N/T/MSP-IMPROV-S13N-F05-T-FM01.wav,2.3857166666666667,session5,T,train
MSP-IMPROV-S15A-M06-T-MF01,Only I joined her in the ceremony.,A,2.72,3.28,0,./data/RAW/MSP-Improv/Video/session6/S15A/T/MSP-IMPROV-S15A-M06-T-MF01.avi,./data/RAW/MSP-Improv/Audio/session6/S15A/T/MSP-IMPROV-S15A-M06-T-MF01.wav,4.7547500000000005,session6,T,dev
MSP-IMPROV-S06A-F03-T-FM01,It has all been scheduled since Wednesday.,A,1.541667,2.75,0,./data/RAW/MSP-Improv/Video/session3/S06A/T/MSP-IMPROV-S06A-F03-T-FM01.avi,./data/RAW/MSP-Improv/Audio/session3/S06A/T/MSP-IMPROV-S06A-F03-T-FM01.wav,3.55355,session3,T,train
MSP-IMPROV-S04S-F05-T-FM01,And the floor was completely covered.,S,1.777778,3.222222,0,./data/RAW/MSP-Improv/Video/session5/S04S/T/MSP-IMPROV-S04S-F05-T-FM01.avi,./data/RAW/MSP-Improv/Audio/session5/S04S/T/MSP-IMPROV-S04S-F05-T-FM01.wav,5.889216666666667,session5,T,train
MSP-IMPROV-S08N-M05-T-MF01,A preliminary study shows rats to be more inquisitive than once thought.,N,3.0,3.545455,0,./data/RAW/MSP-Improv/Video/session5/S08N/T/MSP-IMPROV-S08N-M05-T-MF01.avi,./data/RAW/MSP-Improv/Audio/session5/S08N/T/MSP-IMPROV-S08N-M05-T-MF01.wav,3.0864166666666666,session5,T,train
MSP-IMPROV-S14H-M04-T-MF01,Your grandmother is on the phone.,H,4.380952,2.904762,0,./data/RAW/MSP-Improv/Video/session4/S14H/T/MSP-IMPROV-S14H-M04-T-MF01.avi,./data/RAW/MSP-Improv/Audio/session4/S14H/T/MSP-IMPROV-S14H-M04-T-MF01.wav,2.419083333333333,session4,T,dev
MSP-IMPROV-S10H-F02-T-FM01,I don't know how she could miss this opportunity .,H,4.0,3.193548,0,./data/RAW/MSP-Improv/Video/session2/S10H/T/MSP-IMPROV-S10H-F02-T-FM01.avi,./data/RAW/MSP-Improv/Audio/session2/S10H/T/MSP-IMPROV-S10H-F02-T-FM01.wav,3.937266666666667,session2,T,train
MSP-IMPROV-S13H-F05-T-FM01,She told me what you did.,H,4.041667,2.458333,0,./data/RAW/MSP-Improv/Video/session5/S13H/T/MSP-IMPROV-S13H-F05-T-FM01.avi,./data/RAW/MSP-Improv/Audio/session5/S13H/T/MSP-IMPROV-S13H-F05-T-FM01.wav,1.7183833333333334,session5,T,train
MSP-IMPROV-S01N-M05-T-MF01,How can I not?,N,3.129032,3.419355,0,./data/RAW/MSP-Improv/Video/session5/S01N/T/MSP-IMPROV-S01N-M05-T-MF01.avi,./data/RAW/MSP-Improv/Audio/session5/S01N/T/MSP-IMPROV-S01N-M05-T-MF01.wav,1.65165,session5,T,train
MSP-IMPROV-S02N-F01-T-FM01,I'm quite sure that we will find some way or another.,N,2.677419,4.032258,1,./data/RAW/MSP-Improv/Video/session1/S02N/T/MSP-IMPROV-S02N-F01-T-FM01.avi,./data/RAW/MSP-Improv/Audio/session1/S02N/T/MSP-IMPROV-S02N-F01-T-FM01.wav,3.720383333333333,session1,T,train
MSP-IMPROV-S11A-M06-T-MF01,It is raining outside.,A,2.848485,2.272727,0,./data/RAW/MSP-Improv/Video/session6/S11A/T/MSP-IMPROV-S11A-M06-T-MF01.avi,./data/RAW/MSP-Improv/Audio/session6/S11A/T/MSP-IMPROV-S11A-M06-T-MF01.wav,2.1855166666666666,session6,T,dev
MSP-IMPROV-S02N-F03-T-FM01,I'm quite sure that we will find some way or another.,N,2.84,3.4,0,./data/RAW/MSP-Improv/Video/session3/S02N/T/MSP-IMPROV-S02N-F03-T-FM01.avi,./data/RAW/MSP-Improv/Audio/session3/S02N/T/MSP-IMPROV-S02N-F03-T-FM01.wav,3.9205833333333335,session3,T,train
MSP-IMPROV-S02H-F02-T-FM01,I'm quite sure that we'll find some way or another.,H,3.958333,3.791667,0,./data/RAW/MSP-Improv/Video/session2/S02H/T/MSP-IMPROV-S02H-F02-T-FM01.avi,./data/RAW/MSP-Improv/Audio/session2/S02H/T/MSP-IMPROV-S02H-F02-T-FM01.wav,3.069733333333333,session2,T,train
MSP-IMPROV-S15S-F02-T-FM01,Only I joined her in the ceremony.,S,1.846154,3.423077,1,./data/RAW/MSP-Improv/Video/session2/S15S/T/MSP-IMPROV-S15S-F02-T-FM01.avi,./data/RAW/MSP-Improv/Audio/session2/S15S/T/MSP-IMPROV-S15S-F02-T-FM01.wav,4.2042,session2,T,train
MSP-IMPROV-S08N-M02-T-MF01,A preliminary study shows rats to be more inquisitive than once thought .,N,3.030303,4.0,0,./data/RAW/MSP-Improv/Video/session2/S08N/T/MSP-IMPROV-S08N-M02-T-MF01.avi,./data/RAW/MSP-Improv/Audio/session2/S08N/T/MSP-IMPROV-S08N-M02-T-MF01.wav,4.337666666666666,session2,T,train
MSP-IMPROV-S15H-F04-T-FM01,"The only, I joined her in the ceremony .",H,3.653846,3.807692,0,./data/RAW/MSP-Improv/Video/session4/S15H/T/MSP-IMPROV-S15H-F04-T-FM01.avi,./data/RAW/MSP-Improv/Audio/session4/S15H/T/MSP-IMPROV-S15H-F04-T-FM01.wav,3.2032000000000003,session4,T,dev
MSP-IMPROV-S07A-F04-T-FM01,I'm going shopping .,A,2.363636,3.575758,1,./data/RAW/MSP-Improv/Video/session4/S07A/T/MSP-IMPROV-S07A-F04-T-FM01.avi,./data/RAW/MSP-Improv/Audio/session4/S07A/T/MSP-IMPROV-S07A-F04-T-FM01.wav,2.318983333333333,session4,T,dev
MSP-IMPROV-S01S-F02-T-FM01,How can I not.,S,2.0,3.060606,0,./data/RAW/MSP-Improv/Video/session2/S01S/T/MSP-IMPROV-S01S-F02-T-FM01.avi,./data/RAW/MSP-Improv/Audio/session2/S01S/T/MSP-IMPROV-S01S-F02-T-FM01.wav,2.15215,session2,T,train
MSP-IMPROV-S04H-M03-T-MF01,The floor is completely covered. .,H,3.575758,3.818182,0,./data/RAW/MSP-Improv/Video/session3/S04H/T/MSP-IMPROV-S04H-M03-T-MF01.avi,./data/RAW/MSP-Improv/Audio/session3/S04H/T/MSP-IMPROV-S04H-M03-T-MF01.wav,2.9863166666666667,session3,T,train
MSP-IMPROV-S14N-F06-T-FM01,your grandmother's on the phone.,N,3.185185,3.962963,0,./data/RAW/MSP-Improv/Video/session6/S14N/T/MSP-IMPROV-S14N-F06-T-FM01.avi,./data/RAW/MSP-Improv/Audio/session6/S14N/T/MSP-IMPROV-S14N-F06-T-FM01.wav,1.65165,session6,T,dev
MSP-IMPROV-S10S-F06-T-FM01,I don't know how she could miss this opportunity.,S,1.941176,3.441176,1,./data/RAW/MSP-Improv/Video/session6/S10S/T/MSP-IMPROV-S10S-F06-T-FM01.avi,./data/RAW/MSP-Improv/Audio/session6/S10S/T/MSP-IMPROV-S10S-F06-T-FM01.wav,3.0530500000000003,session6,T,dev
MSP-IMPROV-S12H-M06-T-MF01,Your dog is insane. .,H,3.83871,2.903226,0,./data/RAW/MSP-Improv/Video/session6/S12H/T/MSP-IMPROV-S12H-M06-T-MF01.avi,./data/RAW/MSP-Improv/Audio/session6/S12H/T/MSP-IMPROV-S12H-M06-T-MF01.wav,3.4200833333333334,session6,T,dev
MSP-IMPROV-S07S-M02-T-MF01,I am going shopping.,S,2.74359,3.871795,0,./data/RAW/MSP-Improv/Video/session2/S07S/T/MSP-IMPROV-S07S-M02-T-MF01.avi,./data/RAW/MSP-Improv/Audio/session2/S07S/T/MSP-IMPROV-S07S-M02-T-MF01.wav,2.8194833333333333,session2,T,train
MSP-IMPROV-S04S-F04-T-FM01,The floor was completely covered.,S,1.870968,3.709677,1,./data/RAW/MSP-Improv/Video/session4/S04S/T/MSP-IMPROV-S04S-F04-T-FM01.avi,./data/RAW/MSP-Improv/Audio/session4/S04S/T/MSP-IMPROV-S04S-F04-T-FM01.wav,3.6870166666666666,session4,T,dev
MSP-IMPROV-S15N-F06-T-FM01,Only I joined her in the ceremony.,N,3.085714,3.628571,0,./data/RAW/MSP-Improv/Video/session6/S15N/T/MSP-IMPROV-S15N-F06-T-FM01.avi,./data/RAW/MSP-Improv/Audio/session6/S15N/T/MSP-IMPROV-S15N-F06-T-FM01.wav,2.45245,session6,T,dev
MSP-IMPROV-S14H-M05-T-MF01,Your grandmother's on the phone.,H,4.37931,2.862069,0,./data/RAW/MSP-Improv/Video/session5/S14H/T/MSP-IMPROV-S14H-M05-T-MF01.avi,./data/RAW/MSP-Improv/Audio/session5/S14H/T/MSP-IMPROV-S14H-M05-T-MF01.wav,2.118783333333333,session5,T,train
MSP-IMPROV-S01N-M02-T-MF01,How can I not.,N,2.851852,4.0,0,./data/RAW/MSP-Improv/Video/session2/S01N/T/MSP-IMPROV-S01N-M02-T-MF01.avi,./data/RAW/MSP-Improv/Audio/session2/S01N/T/MSP-IMPROV-S01N-M02-T-MF01.wav,2.55255,session2,T,train
MSP-IMPROV-S09H-M01-T-MF01,... That's it. The meeting is finished.,H,3.944444,2.833333,0,./data/RAW/MSP-Improv/Video/session1/S09H/T/MSP-IMPROV-S09H-M01-T-MF01.avi,./data/RAW/MSP-Improv/Audio/session1/S09H/T/MSP-IMPROV-S09H-M01-T-MF01.wav,1.55155,session1,T,train
MSP-IMPROV-S09N-M03-T-MF01,That's it. The meeting is finished.,N,2.733333,3.933333,0,./data/RAW/MSP-Improv/Video/session3/S09N/T/MSP-IMPROV-S09N-M03-T-MF01.avi,./data/RAW/MSP-Improv/Audio/session3/S09N/T/MSP-IMPROV-S09N-M03-T-MF01.wav,2.0687333333333333,session3,T,train
MSP-IMPROV-S12A-F04-T-FM01,Your dog is insane. .,A,2.030303,3.0,0,./data/RAW/MSP-Improv/Video/session4/S12A/T/MSP-IMPROV-S12A-F04-T-FM01.avi,./data/RAW/MSP-Improv/Audio/session4/S12A/T/MSP-IMPROV-S12A-F04-T-FM01.wav,2.769433333333333,session4,T,dev
MSP-IMPROV-S05A-M02-T-MF01,They are just going to go ahead regardless.,A,2.346154,3.5,1,./data/RAW/MSP-Improv/Video/session2/S05A/T/MSP-IMPROV-S05A-M02-T-MF01.avi,./data/RAW/MSP-Improv/Audio/session2/S05A/T/MSP-IMPROV-S05A-M02-T-MF01.wav,2.7527500000000003,session2,T,train
MSP-IMPROV-S14N-M04-T-MF01,Your grandmother was on the phone.,N,2.952381,3.285714,0,./data/RAW/MSP-Improv/Video/session4/S14N/T/MSP-IMPROV-S14N-M04-T-MF01.avi,./data/RAW/MSP-Improv/Audio/session4/S14N/T/MSP-IMPROV-S14N-M04-T-MF01.wav,2.3857166666666667,session4,T,dev
MSP-IMPROV-S11H-M02-T-MF01,It is raining outside.,H,4.24,3.0,0,./data/RAW/MSP-Improv/Video/session2/S11H/T/MSP-IMPROV-S11H-M02-T-MF01.avi,./data/RAW/MSP-Improv/Audio/session2/S11H/T/MSP-IMPROV-S11H-M02-T-MF01.wav,2.135466666666667,session2,T,train
MSP-IMPROV-S14S-M04-T-MF01,Your grandmother was on the phone .,S,2.357143,3.428571,1,./data/RAW/MSP-Improv/Video/session4/S14S/T/MSP-IMPROV-S14S-M04-T-MF01.avi,./data/RAW/MSP-Improv/Audio/session4/S14S/T/MSP-IMPROV-S14S-M04-T-MF01.wav,2.95295,session4,T,dev
MSP-IMPROV-S06H-F05-T-FM01,It has all been scheduled since Wednesday.,H,4.454545,2.454545,0,./data/RAW/MSP-Improv/Video/session5/S06H/T/MSP-IMPROV-S06H-F05-T-FM01.avi,./data/RAW/MSP-Improv/Audio/session5/S06H/T/MSP-IMPROV-S06H-F05-T-FM01.wav,3.55355,session5,T,train
MSP-IMPROV-S12N-F05-T-FM01,Your dog is insane.,N,3.333333,3.5,0,./data/RAW/MSP-Improv/Video/session5/S12N/T/MSP-IMPROV-S12N-F05-T-FM01.avi,./data/RAW/MSP-Improv/Audio/session5/S12N/T/MSP-IMPROV-S12N-F05-T-FM01.wav,2.55255,session5,T,train
MSP-IMPROV-S11S-M02-T-MF01,It is raining outside.,S,2.785714,3.785714,0,./data/RAW/MSP-Improv/Video/session2/S11S/T/MSP-IMPROV-S11S-M02-T-MF01.avi,./data/RAW/MSP-Improv/Audio/session2/S11S/T/MSP-IMPROV-S11S-M02-T-MF01.wav,2.285616666666667,session2,T,train
MSP-IMPROV-S01S-F01-T-FM01,How can I not?,S,2.0,2.735294,0,./data/RAW/MSP-Improv/Video/session1/S01S/T/MSP-IMPROV-S01S-F01-T-FM01.avi,./data/RAW/MSP-Improv/Audio/session1/S01S/T/MSP-IMPROV-S01S-F01-T-FM01.wav,1.3179833333333333,session1,T,train
MSP-IMPROV-S03N-F02-T-FM01,Ella Jorgensen made the pudding.,N,3.0,3.88,0,./data/RAW/MSP-Improv/Video/session2/S03N/T/MSP-IMPROV-S03N-F02-T-FM01.avi,./data/RAW/MSP-Improv/Audio/session2/S03N/T/MSP-IMPROV-S03N-F02-T-FM01.wav,1.9185833333333333,session2,T,train
MSP-IMPROV-S07H-M03-T-MF01,I'm going shopping.,H,3.62963,3.888889,0,./data/RAW/MSP-Improv/Video/session3/S07H/T/MSP-IMPROV-S07H-M03-T-MF01.avi,./data/RAW/MSP-Improv/Audio/session3/S07H/T/MSP-IMPROV-S07H-M03-T-MF01.wav,1.8685333333333332,session3,T,train
MSP-IMPROV-S09H-M02-T-MF01,"That's it, the meeting is finished.",H,4.190476,3.571429,0,./data/RAW/MSP-Improv/Video/session2/S09H/T/MSP-IMPROV-S09H-M02-T-MF01.avi,./data/RAW/MSP-Improv/Audio/session2/S09H/T/MSP-IMPROV-S09H-M02-T-MF01.wav,3.1364666666666667,session2,T,train
MSP-IMPROV-S02N-F06-T-FM01,I'm quite sure that we will find some way or another.,N,3.5,3.423077,0,./data/RAW/MSP-Improv/Video/session6/S02N/T/MSP-IMPROV-S02N-F06-T-FM01.avi,./data/RAW/MSP-Improv/Audio/session6/S02N/T/MSP-IMPROV-S02N-F06-T-FM01.wav,3.45345,session6,T,dev
MSP-IMPROV-S08S-F01-T-FM01,A preliminary study shows rats to be more inquisitive than once thought,S,2.258065,3.096774,0,./data/RAW/MSP-Improv/Video/session1/S08S/T/MSP-IMPROV-S08S-F01-T-FM01.avi,./data/RAW/MSP-Improv/Audio/session1/S08S/T/MSP-IMPROV-S08S-F01-T-FM01.wav,4.85485,session1,T,train
MSP-IMPROV-S06S-F03-T-FM01,It has all been scheduled since Wednesday.,S,2.333333,3.592593,1,./data/RAW/MSP-Improv/Video/session3/S06S/T/MSP-IMPROV-S06S-F03-T-FM01.avi,./data/RAW/MSP-Improv/Audio/session3/S06S/T/MSP-IMPROV-S06S-F03-T-FM01.wav,2.85285,session3,T,train
MSP-IMPROV-S03A-F06-T-FM01,Ellen Jorgensen made the pudding.,A,2.25,3.35,0,./data/RAW/MSP-Improv/Video/session6/S03A/T/MSP-IMPROV-S03A-F06-T-FM01.avi,./data/RAW/MSP-Improv/Audio/session6/S03A/T/MSP-IMPROV-S03A-F06-T-FM01.wav,3.9205833333333335,session6,T,dev
MSP-IMPROV-S03H-M03-T-MF01,Ella Jorgensen made the pudding.,H,3.347826,3.73913,0,./data/RAW/MSP-Improv/Video/session3/S03H/T/MSP-IMPROV-S03H-M03-T-MF01.avi,./data/RAW/MSP-Improv/Audio/session3/S03H/T/MSP-IMPROV-S03H-M03-T-MF01.wav,3.3867166666666666,session3,T,train
MSP-IMPROV-S07A-F02-T-FM01,I am going shopping.,A,3.384615,3.5,0,./data/RAW/MSP-Improv/Video/session2/S07A/T/MSP-IMPROV-S07A-F02-T-FM01.avi,./data/RAW/MSP-Improv/Audio/session2/S07A/T/MSP-IMPROV-S07A-F02-T-FM01.wav,2.002,session2,T,train
MSP-IMPROV-S12N-M04-T-MF01,Your dog is insane.,N,2.454545,3.393939,1,./data/RAW/MSP-Improv/Video/session4/S12N/T/MSP-IMPROV-S12N-M04-T-MF01.avi,./data/RAW/MSP-Improv/Audio/session4/S12N/T/MSP-IMPROV-S12N-M04-T-MF01.wav,2.318983333333333,session4,T,dev
MSP-IMPROV-S14A-M02-T-MF01,Your grandmother is on the phone. .,A,3.037037,3.777778,0,./data/RAW/MSP-Improv/Video/session2/S14A/T/MSP-IMPROV-S14A-M02-T-MF01.avi,./data/RAW/MSP-Improv/Audio/session2/S14A/T/MSP-IMPROV-S14A-M02-T-MF01.wav,2.35235,session2,T,train
MSP-IMPROV-S03S-F01-T-FM01,Ella Jorgensen made the pudding.,S,1.9,2.766667,0,./data/RAW/MSP-Improv/Video/session1/S03S/T/MSP-IMPROV-S03S-F01-T-FM01.avi,./data/RAW/MSP-Improv/Audio/session1/S03S/T/MSP-IMPROV-S03S-F01-T-FM01.wav,2.419083333333333,session1,T,train
MSP-IMPROV-S04A-M03-T-MF01,The floor was completely covered.,A,3.058824,3.529412,0,./data/RAW/MSP-Improv/Video/session3/S04A/T/MSP-IMPROV-S04A-M03-T-MF01.avi,./data/RAW/MSP-Improv/Audio/session3/S04A/T/MSP-IMPROV-S04A-M03-T-MF01.wav,2.55255,session3,T,train
MSP-IMPROV-S04H-F05-T-FM01,The floor was completely covered.,H,4.030303,2.818182,0,./data/RAW/MSP-Improv/Video/session5/S04H/T/MSP-IMPROV-S04H-F05-T-FM01.avi,./data/RAW/MSP-Improv/Audio/session5/S04H/T/MSP-IMPROV-S04H-F05-T-FM01.wav,3.95395,session5,T,train
MSP-IMPROV-S03S-M04-T-MF01,Ella Jorgenson made the pudding .,S,2.655172,3.551724,1,./data/RAW/MSP-Improv/Video/session4/S03S/T/MSP-IMPROV-S03S-M04-T-MF01.avi,./data/RAW/MSP-Improv/Audio/session4/S03S/T/MSP-IMPROV-S03S-M04-T-MF01.wav,2.7527500000000003,session4,T,dev
MSP-IMPROV-S06S-M01-T-MF01,It's all been scheduled since Wednesday.Okay.,S,2.208333,3.5,1,./data/RAW/MSP-Improv/Video/session1/S06S/T/MSP-IMPROV-S06S-M01-T-MF01.avi,./data/RAW/MSP-Improv/Audio/session1/S06S/T/MSP-IMPROV-S06S-M01-T-MF01.wav,3.0530500000000003,session1,T,train
MSP-IMPROV-S02S-F02-T-FM01,I'm quite sure that we will find some way or another,S,2.352941,3.705882,1,./data/RAW/MSP-Improv/Video/session2/S02S/T/MSP-IMPROV-S02S-F02-T-FM01.avi,./data/RAW/MSP-Improv/Audio/session2/S02S/T/MSP-IMPROV-S02S-F02-T-FM01.wav,3.0864166666666666,session2,T,train
MSP-IMPROV-S09S-F06-T-FM01,That's it. The meeting is finished.,S,1.96875,3.625,1,./data/RAW/MSP-Improv/Video/session6/S09S/T/MSP-IMPROV-S09S-F06-T-FM01.avi,./data/RAW/MSP-Improv/Audio/session6/S09S/T/MSP-IMPROV-S09S-F06-T-FM01.wav,2.619283333333333,session6,T,dev
MSP-IMPROV-S02N-M04-T-MF01,I'm quite sure that we will find some way or another.,N,3.28,3.56,0,./data/RAW/MSP-Improv/Video/session4/S02N/T/MSP-IMPROV-S02N-M04-T-MF01.avi,./data/RAW/MSP-Improv/Audio/session4/S02N/T/MSP-IMPROV-S02N-M04-T-MF01.wav,3.45345,session4,T,dev
MSP-IMPROV-S02N-F04-T-FM01,I'm quite sure that we'll find some way or another.,N,3.625,3.541667,0,./data/RAW/MSP-Improv/Video/session4/S02N/T/MSP-IMPROV-S02N-F04-T-FM01.avi,./data/RAW/MSP-Improv/Audio/session4/S02N/T/MSP-IMPROV-S02N-F04-T-FM01.wav,2.4858166666666666,session4,T,dev
MSP-IMPROV-S14N-F02-T-FM01,Your grandmother is on the phone.,N,3.071429,3.714286,0,./data/RAW/MSP-Improv/Video/session2/S14N/T/MSP-IMPROV-S14N-F02-T-FM01.avi,./data/RAW/MSP-Improv/Audio/session2/S14N/T/MSP-IMPROV-S14N-F02-T-FM01.wav,2.9362666666666666,session2,T,train
MSP-IMPROV-S13N-F06-T-FM01,She told me what you did.Okay.,N,2.878788,3.484848,0,./data/RAW/MSP-Improv/Video/session6/S13N/T/MSP-IMPROV-S13N-F06-T-FM01.avi,./data/RAW/MSP-Improv/Audio/session6/S13N/T/MSP-IMPROV-S13N-F06-T-FM01.wav,1.95195,session6,T,dev
MSP-IMPROV-S08N-F03-T-FM01,A preliminary study shows rest to be more inquisitive than once thought.,N,2.833333,3.666667,0,./data/RAW/MSP-Improv/Video/session3/S08N/T/MSP-IMPROV-S08N-F03-T-FM01.avi,./data/RAW/MSP-Improv/Audio/session3/S08N/T/MSP-IMPROV-S08N-F03-T-FM01.wav,5.3553500000000005,session3,T,train
MSP-IMPROV-S02S-F04-T-FM01,I'm quite sure that we will find somewhere. In other words.,S,2.230769,3.807692,1,./data/RAW/MSP-Improv/Video/session4/S02S/T/MSP-IMPROV-S02S-F04-T-FM01.avi,./data/RAW/MSP-Improv/Audio/session4/S02S/T/MSP-IMPROV-S02S-F04-T-FM01.wav,2.65265,session4,T,dev
MSP-IMPROV-S04S-M03-T-MF02,The floor was completely covered. .,S,2.238095,3.857143,1,./data/RAW/MSP-Improv/Video/session3/S04S/T/MSP-IMPROV-S04S-M03-T-MF02.avi,./data/RAW/MSP-Improv/Audio/session3/S04S/T/MSP-IMPROV-S04S-M03-T-MF02.wav,2.585916666666667,session3,T,train
MSP-IMPROV-S15H-M02-T-MF01,Only I joined during the ceremony.,H,3.37931,3.413793,0,./data/RAW/MSP-Improv/Video/session2/S15H/T/MSP-IMPROV-S15H-M02-T-MF01.avi,./data/RAW/MSP-Improv/Audio/session2/S15H/T/MSP-IMPROV-S15H-M02-T-MF01.wav,2.3690333333333333,session2,T,train
MSP-IMPROV-S13A-M05-T-MF01,She told me what you did.,A,2.032258,2.709677,0,./data/RAW/MSP-Improv/Video/session5/S13A/T/MSP-IMPROV-S13A-M05-T-MF01.avi,./data/RAW/MSP-Improv/Audio/session5/S13A/T/MSP-IMPROV-S13A-M05-T-MF01.wav,2.018683333333333,session5,T,train
MSP-IMPROV-S02S-M05-T-MF01,I'm quite sure that we'll find some way or another.,S,2.25,3.791667,1,./data/RAW/MSP-Improv/Video/session5/S02S/T/MSP-IMPROV-S02S-M05-T-MF01.avi,./data/RAW/MSP-Improv/Audio/session5/S02S/T/MSP-IMPROV-S02S-M05-T-MF01.wav,3.6870166666666666,session5,T,train
MSP-IMPROV-S01A-F02-T-FM01,How can I not?,A,2.28125,3.15625,0,./data/RAW/MSP-Improv/Video/session2/S01A/T/MSP-IMPROV-S01A-F02-T-FM01.avi,./data/RAW/MSP-Improv/Audio/session2/S01A/T/MSP-IMPROV-S01A-F02-T-FM01.wav,1.95195,session2,T,train
MSP-IMPROV-S03S-M01-T-MF01,Ella Jorgensen made the pudding.,S,2.129032,3.354839,0,./data/RAW/MSP-Improv/Video/session1/S03S/T/MSP-IMPROV-S03S-M01-T-MF01.avi,./data/RAW/MSP-Improv/Audio/session1/S03S/T/MSP-IMPROV-S03S-M01-T-MF01.wav,1.4180833333333334,session1,T,train
MSP-IMPROV-S11S-F04-T-FM01,It is raining outside.,S,2.862069,3.758621,0,./data/RAW/MSP-Improv/Video/session4/S11S/T/MSP-IMPROV-S11S-F04-T-FM01.avi,./data/RAW/MSP-Improv/Audio/session4/S11S/T/MSP-IMPROV-S11S-F04-T-FM01.wav,1.4681333333333333,session4,T,dev
MSP-IMPROV-S06N-F06-T-FM01,It has all been scheduled since Wednesday. Okay.,N,2.727273,3.636364,0,./data/RAW/MSP-Improv/Video/session6/S06N/T/MSP-IMPROV-S06N-F06-T-FM01.avi,./data/RAW/MSP-Improv/Audio/session6/S06N/T/MSP-IMPROV-S06N-F06-T-FM01.wav,2.3857166666666667,session6,T,dev
MSP-IMPROV-S06S-F01-T-FM01,It has all been scheduled since Wednesday.,S,2.222222,3.851852,1,./data/RAW/MSP-Improv/Video/session1/S06S/T/MSP-IMPROV-S06S-F01-T-FM01.avi,./data/RAW/MSP-Improv/Audio/session1/S06S/T/MSP-IMPROV-S06S-F01-T-FM01.wav,2.8194833333333333,session1,T,train
MSP-IMPROV-S08H-F05-T-FM01,A preliminary study shows rats to be more inquisitive than once thought.,H,4.483871,2.451613,0,./data/RAW/MSP-Improv/Video/session5/S08H/T/MSP-IMPROV-S08H-F05-T-FM01.avi,./data/RAW/MSP-Improv/Audio/session5/S08H/T/MSP-IMPROV-S08H-F05-T-FM01.wav,5.221883333333333,session5,T,train
MSP-IMPROV-S06N-F03-T-FM01,It has all been scheduled since Wednesday.,N,2.529412,3.529412,1,./data/RAW/MSP-Improv/Video/session3/S06N/T/MSP-IMPROV-S06N-F03-T-FM01.avi,./data/RAW/MSP-Improv/Audio/session3/S06N/T/MSP-IMPROV-S06N-F03-T-FM01.wav,2.6860166666666667,session3,T,train
MSP-IMPROV-S09S-M03-T-MF01,That's it. The meeting is finished.,S,2.4,4.333333,1,./data/RAW/MSP-Improv/Video/session3/S09S/T/MSP-IMPROV-S09S-M03-T-MF01.avi,./data/RAW/MSP-Improv/Audio/session3/S09S/T/MSP-IMPROV-S09S-M03-T-MF01.wav,2.5358666666666667,session3,T,train
MSP-IMPROV-S02A-F03-T-FM02,I'm quite sure that we will find some way or another.,A,1.888889,3.037037,0,./data/RAW/MSP-Improv/Video/session3/S02A/T/MSP-IMPROV-S02A-F03-T-FM02.avi,./data/RAW/MSP-Improv/Audio/session3/S02A/T/MSP-IMPROV-S02A-F03-T-FM02.wav,3.520183333333333,session3,T,train
MSP-IMPROV-S09S-F03-T-FM01,"That's it, the meeting is finished.",S,2.558824,3.794118,1,./data/RAW/MSP-Improv/Video/session3/S09S/T/MSP-IMPROV-S09S-F03-T-FM01.avi,./data/RAW/MSP-Improv/Audio/session3/S09S/T/MSP-IMPROV-S09S-F03-T-FM01.wav,2.95295,session3,T,train
MSP-IMPROV-S05H-M03-T-MF01,They're just going to go ahead and regardless.,H,3.483871,3.967742,0,./data/RAW/MSP-Improv/Video/session3/S05H/T/MSP-IMPROV-S05H-M03-T-MF01.avi,./data/RAW/MSP-Improv/Audio/session3/S05H/T/MSP-IMPROV-S05H-M03-T-MF01.wav,2.919583333333333,session3,T,train
MSP-IMPROV-S05S-M02-T-MF01,They're just going to go ahead regardless. .,S,2.259259,3.444444,1,./data/RAW/MSP-Improv/Video/session2/S05S/T/MSP-IMPROV-S05S-M02-T-MF01.avi,./data/RAW/MSP-Improv/Audio/session2/S05S/T/MSP-IMPROV-S05S-M02-T-MF01.wav,3.55355,session2,T,train
MSP-IMPROV-S05S-F06-T-FM01,They're just going to go ahead regardless.,S,1.923077,3.730769,1,./data/RAW/MSP-Improv/Video/session6/S05S/T/MSP-IMPROV-S05S-F06-T-FM01.avi,./data/RAW/MSP-Improv/Audio/session6/S05S/T/MSP-IMPROV-S05S-F06-T-FM01.wav,3.2866166666666667,session6,T,dev
MSP-IMPROV-S04A-M05-T-MF01,The floor was completely covered. .,A,2.516129,2.935484,0,./data/RAW/MSP-Improv/Video/session5/S04A/T/MSP-IMPROV-S04A-M05-T-MF01.avi,./data/RAW/MSP-Improv/Audio/session5/S04A/T/MSP-IMPROV-S04A-M05-T-MF01.wav,3.4200833333333334,session5,T,train
MSP-IMPROV-S03A-M05-T-MF01,Ella Jorgensen made the pudding.,A,1.888889,2.666667,0,./data/RAW/MSP-Improv/Video/session5/S03A/T/MSP-IMPROV-S03A-M05-T-MF01.avi,./data/RAW/MSP-Improv/Audio/session5/S03A/T/MSP-IMPROV-S03A-M05-T-MF01.wav,3.0864166666666666,session5,T,train
MSP-IMPROV-S08A-F01-T-FM01,A preliminary study shows rats to be more inquisitive than once thought.Really?,A,3.333333,3.166667,0,./data/RAW/MSP-Improv/Video/session1/S08A/T/MSP-IMPROV-S08A-F01-T-FM01.avi,./data/RAW/MSP-Improv/Audio/session1/S08A/T/MSP-IMPROV-S08A-F01-T-FM01.wav,4.487816666666666,session1,T,train
MSP-IMPROV-S13N-F04-T-FM01,She told me what you did.,N,2.470588,3.647059,1,./data/RAW/MSP-Improv/Video/session4/S13N/T/MSP-IMPROV-S13N-F04-T-FM01.avi,./data/RAW/MSP-Improv/Audio/session4/S13N/T/MSP-IMPROV-S13N-F04-T-FM01.wav,1.4347666666666667,session4,T,dev
MSP-IMPROV-S07N-M04-T-MF01,I'm going shopping.,N,3.142857,3.285714,0,./data/RAW/MSP-Improv/Video/session4/S07N/T/MSP-IMPROV-S07N-M04-T-MF01.avi,./data/RAW/MSP-Improv/Audio/session4/S07N/T/MSP-IMPROV-S07N-M04-T-MF01.wav,1.85185,session4,T,dev
MSP-IMPROV-S14H-F02-T-FM01,Your grandmother is on the phone.,H,4.173913,3.26087,0,./data/RAW/MSP-Improv/Video/session2/S14H/T/MSP-IMPROV-S14H-F02-T-FM01.avi,./data/RAW/MSP-Improv/Audio/session2/S14H/T/MSP-IMPROV-S14H-F02-T-FM01.wav,2.569233333333333,session2,T,train
MSP-IMPROV-S12A-M02-T-MF01,Your dog is insane.,A,1.884615,3.038462,0,./data/RAW/MSP-Improv/Video/session2/S12A/T/MSP-IMPROV-S12A-M02-T-MF01.avi,./data/RAW/MSP-Improv/Audio/session2/S12A/T/MSP-IMPROV-S12A-M02-T-MF01.wav,2.15215,session2,T,train
MSP-IMPROV-S05S-F02-T-FM01,They're just going to go ahead regardless.,S,2.136364,3.409091,1,./data/RAW/MSP-Improv/Video/session2/S05S/T/MSP-IMPROV-S05S-F02-T-FM01.avi,./data/RAW/MSP-Improv/Audio/session2/S05S/T/MSP-IMPROV-S05S-F02-T-FM01.wav,2.85285,session2,T,train
MSP-IMPROV-S09S-F01-T-FM01,That's it. The meeting is finished.,S,1.870968,2.903226,0,./data/RAW/MSP-Improv/Video/session1/S09S/T/MSP-IMPROV-S09S-F01-T-FM01.avi,./data/RAW/MSP-Improv/Audio/session1/S09S/T/MSP-IMPROV-S09S-F01-T-FM01.wav,1.9185833333333333,session1,T,train
MSP-IMPROV-S08S-F06-T-FM01,A preliminary study shows rats to be more inquisitive than one spot.,S,3.030303,3.272727,0,./data/RAW/MSP-Improv/Video/session6/S08S/T/MSP-IMPROV-S08S-F06-T-FM01.avi,./data/RAW/MSP-Improv/Audio/session6/S08S/T/MSP-IMPROV-S08S-F06-T-FM01.wav,4.421083333333334,session6,T,dev
MSP-IMPROV-S01H-F03-T-FM01,How can I not .,H,2.565217,2.956522,0,./data/RAW/MSP-Improv/Video/session3/S01H/T/MSP-IMPROV-S01H-F03-T-FM01.avi,./data/RAW/MSP-Improv/Audio/session3/S01H/T/MSP-IMPROV-S01H-F03-T-FM01.wav,2.3857166666666667,session3,T,train
MSP-IMPROV-S10A-M05-T-MF01,I don't know how she could miss this opportunity .,A,2.413793,3.034483,0,./data/RAW/MSP-Improv/Video/session5/S10A/T/MSP-IMPROV-S10A-M05-T-MF01.avi,./data/RAW/MSP-Improv/Audio/session5/S10A/T/MSP-IMPROV-S10A-M05-T-MF01.wav,3.186516666666667,session5,T,train
MSP-IMPROV-S06A-F06-T-FM01,It has all been scheduled since Wednesday.,A,2.285714,3.238095,0,./data/RAW/MSP-Improv/Video/session6/S06A/T/MSP-IMPROV-S06A-F06-T-FM01.avi,./data/RAW/MSP-Improv/Audio/session6/S06A/T/MSP-IMPROV-S06A-F06-T-FM01.wav,2.919583333333333,session6,T,dev
MSP-IMPROV-S06H-M01-T-MF01,It's all been scheduled since Wednesday.,H,2.966667,3.4,0,./data/RAW/MSP-Improv/Video/session1/S06H/T/MSP-IMPROV-S06H-M01-T-MF01.avi,./data/RAW/MSP-Improv/Audio/session1/S06H/T/MSP-IMPROV-S06H-M01-T-MF01.wav,1.6850166666666666,session1,T,train
MSP-IMPROV-S06A-F02-T-FM01,It is all been scheduled since Wednesday.,A,2.090909,3.227273,0,./data/RAW/MSP-Improv/Video/session2/S06A/T/MSP-IMPROV-S06A-F02-T-FM01.avi,./data/RAW/MSP-Improv/Audio/session2/S06A/T/MSP-IMPROV-S06A-F02-T-FM01.wav,3.1031,session2,T,train
MSP-IMPROV-S01A-F06-T-FM01,How can I not.,A,2.034483,2.758621,0,./data/RAW/MSP-Improv/Video/session6/S01A/T/MSP-IMPROV-S01A-F06-T-FM01.avi,./data/RAW/MSP-Improv/Audio/session6/S01A/T/MSP-IMPROV-S01A-F06-T-FM01.wav,2.619283333333333,session6,T,dev
MSP-IMPROV-S04A-F01-T-FM01,The floor was completely covered.,A,2.483871,3.322581,0,./data/RAW/MSP-Improv/Video/session1/S04A/T/MSP-IMPROV-S04A-F01-T-FM01.avi,./data/RAW/MSP-Improv/Audio/session1/S04A/T/MSP-IMPROV-S04A-F01-T-FM01.wav,1.85185,session1,T,train
MSP-IMPROV-S08H-F01-T-FM01,A preliminary study shows rats to be more inquisitive than once thought.,H,4.434783,2.565217,0,./data/RAW/MSP-Improv/Video/session1/S08H/T/MSP-IMPROV-S08H-F01-T-FM01.avi,./data/RAW/MSP-Improv/Audio/session1/S08H/T/MSP-IMPROV-S08H-F01-T-FM01.wav,4.120783333333334,session1,T,train
MSP-IMPROV-S13A-F04-T-FM01,She told me what you did.,A,2.148148,3.111111,0,./data/RAW/MSP-Improv/Video/session4/S13A/T/MSP-IMPROV-S13A-F04-T-FM01.avi,./data/RAW/MSP-Improv/Audio/session4/S13A/T/MSP-IMPROV-S13A-F04-T-FM01.wav,1.1678333333333333,session4,T,dev
MSP-IMPROV-S07S-F06-T-FM01,I am going shopping.,S,3.166667,3.611111,0,./data/RAW/MSP-Improv/Video/session6/S07S/T/MSP-IMPROV-S07S-F06-T-FM01.avi,./data/RAW/MSP-Improv/Audio/session6/S07S/T/MSP-IMPROV-S07S-F06-T-FM01.wav,2.318983333333333,session6,T,dev
MSP-IMPROV-S14S-M05-T-MF01,Your grandmother is on the phone.,S,2.5,3.9,1,./data/RAW/MSP-Improv/Video/session5/S14S/T/MSP-IMPROV-S14S-M05-T-MF01.avi,./data/RAW/MSP-Improv/Audio/session5/S14S/T/MSP-IMPROV-S14S-M05-T-MF01.wav,1.85185,session5,T,train
MSP-IMPROV-S12H-M04-T-MF01,Your dog is insane.,H,3.789474,2.815789,0,./data/RAW/MSP-Improv/Video/session4/S12H/T/MSP-IMPROV-S12H-M04-T-MF01.avi,./data/RAW/MSP-Improv/Audio/session4/S12H/T/MSP-IMPROV-S12H-M04-T-MF01.wav,2.45245,session4,T,dev
MSP-IMPROV-S14S-F05-T-FM01,Your grandmother's on the phone.,S,2.714286,3.809524,0,./data/RAW/MSP-Improv/Video/session5/S14S/T/MSP-IMPROV-S14S-F05-T-FM01.avi,./data/RAW/MSP-Improv/Audio/session5/S14S/T/MSP-IMPROV-S14S-F05-T-FM01.wav,2.585916666666667,session5,T,train
MSP-IMPROV-S09N-F03-T-FM01,"That's it, the meeting is finished.",N,2.965517,3.827586,0,./data/RAW/MSP-Improv/Video/session3/S09N/T/MSP-IMPROV-S09N-F03-T-FM01.avi,./data/RAW/MSP-Improv/Audio/session3/S09N/T/MSP-IMPROV-S09N-F03-T-FM01.wav,2.2188833333333333,session3,T,train
MSP-IMPROV-S13S-M04-T-MF01,"Well, she told me what you did .",S,1.73913,3.130435,0,./data/RAW/MSP-Improv/Video/session4/S13S/T/MSP-IMPROV-S13S-M04-T-MF01.avi,./data/RAW/MSP-Improv/Audio/session4/S13S/T/MSP-IMPROV-S13S-M04-T-MF01.wav,2.419083333333333,session4,T,dev
MSP-IMPROV-S08A-M03-T-MF01,A preliminary study shows drive to be more inquisitive in one spot.,A,3.074074,3.777778,0,./data/RAW/MSP-Improv/Video/session3/S08A/T/MSP-IMPROV-S08A-M03-T-MF01.avi,./data/RAW/MSP-Improv/Audio/session3/S08A/T/MSP-IMPROV-S08A-M03-T-MF01.wav,4.55455,session3,T,train
MSP-IMPROV-S03S-F02-T-FM01,Ella Jorgensen made the pudding.,S,3.5,3.772727,0,./data/RAW/MSP-Improv/Video/session2/S03S/T/MSP-IMPROV-S03S-F02-T-FM01.avi,./data/RAW/MSP-Improv/Audio/session2/S03S/T/MSP-IMPROV-S03S-F02-T-FM01.wav,1.9853166666666664,session2,T,train
MSP-IMPROV-S07S-M03-T-MF01,I'm going shopping.,S,2.823529,4.029412,0,./data/RAW/MSP-Improv/Video/session3/S07S/T/MSP-IMPROV-S07S-M03-T-MF01.avi,./data/RAW/MSP-Improv/Audio/session3/S07S/T/MSP-IMPROV-S07S-M03-T-MF01.wav,2.6359666666666666,session3,T,train
MSP-IMPROV-S15S-F04-T-FM01,Only I joined her in the ceremony .,S,2.030303,3.939394,1,./data/RAW/MSP-Improv/Video/session4/S15S/T/MSP-IMPROV-S15S-F04-T-FM01.avi,./data/RAW/MSP-Improv/Audio/session4/S15S/T/MSP-IMPROV-S15S-F04-T-FM01.wav,2.5025,session4,T,dev
MSP-IMPROV-S06H-F01-T-FM01,It has all been scheduled since Wednesday.,H,4.46875,2.75,0,./data/RAW/MSP-Improv/Video/session1/S06H/T/MSP-IMPROV-S06H-F01-T-FM01.avi,./data/RAW/MSP-Improv/Audio/session1/S06H/T/MSP-IMPROV-S06H-F01-T-FM01.wav,2.0854166666666667,session1,T,train
MSP-IMPROV-S02N-M01-T-MF01,I'm quite sure that we'll find some way or another.,N,2.625,3.65625,1,./data/RAW/MSP-Improv/Video/session1/S02N/T/MSP-IMPROV-S02N-M01-T-MF01.avi,./data/RAW/MSP-Improv/Audio/session1/S02N/T/MSP-IMPROV-S02N-M01-T-MF01.wav,2.55255,session1,T,train
MSP-IMPROV-S08N-F01-T-FM01,A preliminary study shows rats to be more inquisitive than once thought.Really?,N,2.774194,3.935484,0,./data/RAW/MSP-Improv/Video/session1/S08N/T/MSP-IMPROV-S08N-F01-T-FM01.avi,./data/RAW/MSP-Improv/Audio/session1/S08N/T/MSP-IMPROV-S08N-F01-T-FM01.wav,3.820483333333333,session1,T,train
MSP-IMPROV-S10N-F04-T-FM01,I don't know how she could miss this opportunity-,N,2.648649,3.621622,1,./data/RAW/MSP-Improv/Video/session4/S10N/T/MSP-IMPROV-S10N-F04-T-FM01.avi,./data/RAW/MSP-Improv/Audio/session4/S10N/T/MSP-IMPROV-S10N-F04-T-FM01.wav,2.285616666666667,session4,T,dev
MSP-IMPROV-S07A-F01-T-FM01,I am going shopping.,A,3.035714,3.321429,0,./data/RAW/MSP-Improv/Video/session1/S07A/T/MSP-IMPROV-S07A-F01-T-FM01.avi,./data/RAW/MSP-Improv/Audio/session1/S07A/T/MSP-IMPROV-S07A-F01-T-FM01.wav,1.85185,session1,T,train
MSP-IMPROV-S12N-F06-T-FM01,Your dog isn't saying.,N,3.258065,3.548387,0,./data/RAW/MSP-Improv/Video/session6/S12N/T/MSP-IMPROV-S12N-F06-T-FM01.avi,./data/RAW/MSP-Improv/Audio/session6/S12N/T/MSP-IMPROV-S12N-F06-T-FM01.wav,3.0864166666666666,session6,T,dev
MSP-IMPROV-S12S-F06-T-FM01,Your dog is insane.,S,1.695652,3.391304,0,./data/RAW/MSP-Improv/Video/session6/S12S/T/MSP-IMPROV-S12S-F06-T-FM01.avi,./data/RAW/MSP-Improv/Audio/session6/S12S/T/MSP-IMPROV-S12S-F06-T-FM01.wav,4.4544500000000005,session6,T,dev
MSP-IMPROV-S04N-M01-T-MF01,The floor was completely covered-,N,2.777778,3.481481,0,./data/RAW/MSP-Improv/Video/session1/S04N/T/MSP-IMPROV-S04N-M01-T-MF01.avi,./data/RAW/MSP-Improv/Audio/session1/S04N/T/MSP-IMPROV-S04N-M01-T-MF01.wav,1.0176833333333333,session1,T,train
MSP-IMPROV-S10A-F05-T-FM01,I don't know how she could miss this opportunity.,A,1.75,2.535714,0,./data/RAW/MSP-Improv/Video/session5/S10A/T/MSP-IMPROV-S10A-F05-T-FM01.avi,./data/RAW/MSP-Improv/Audio/session5/S10A/T/MSP-IMPROV-S10A-F05-T-FM01.wav,4.65465,session5,T,train
MSP-IMPROV-S08S-M04-T-MF01,A preliminary study shows rats to be more inquisitive than once thought.,S,2.571429,3.142857,0,./data/RAW/MSP-Improv/Video/session4/S08S/T/MSP-IMPROV-S08S-M04-T-MF01.avi,./data/RAW/MSP-Improv/Audio/session4/S08S/T/MSP-IMPROV-S08S-M04-T-MF01.wav,5.221883333333333,session4,T,dev
MSP-IMPROV-S01H-M01-T-MF01,How could I not?,H,3.866667,3.066667,0,./data/RAW/MSP-Improv/Video/session1/S01H/T/MSP-IMPROV-S01H-M01-T-MF01.avi,./data/RAW/MSP-Improv/Audio/session1/S01H/T/MSP-IMPROV-S01H-M01-T-MF01.wav,0.75075,session1,T,train
MSP-IMPROV-S02H-F06-T-FM01,I'm quite sure that we will find some way or another.,H,3.217391,3.347826,0,./data/RAW/MSP-Improv/Video/session6/S02H/T/MSP-IMPROV-S02H-F06-T-FM01.avi,./data/RAW/MSP-Improv/Audio/session6/S02H/T/MSP-IMPROV-S02H-F06-T-FM01.wav,3.219883333333333,session6,T,dev
MSP-IMPROV-S07N-M02-T-MF01,I'm going shopping.,N,3.090909,3.969697,0,./data/RAW/MSP-Improv/Video/session2/S07N/T/MSP-IMPROV-S07N-M02-T-MF01.avi,./data/RAW/MSP-Improv/Audio/session2/S07N/T/MSP-IMPROV-S07N-M02-T-MF01.wav,2.135466666666667,session2,T,train
MSP-IMPROV-S11S-M04-T-MF01,It is raining outside.,S,2.222222,3.814815,1,./data/RAW/MSP-Improv/Video/session4/S11S/T/MSP-IMPROV-S11S-M04-T-MF01.avi,./data/RAW/MSP-Improv/Audio/session4/S11S/T/MSP-IMPROV-S11S-M04-T-MF01.wav,2.318983333333333,session4,T,dev
MSP-IMPROV-S02N-M02-T-MF01,I'm quite sure that we will find some way or another .,N,3.133333,3.8,0,./data/RAW/MSP-Improv/Video/session2/S02N/T/MSP-IMPROV-S02N-M02-T-MF01.avi,./data/RAW/MSP-Improv/Audio/session2/S02N/T/MSP-IMPROV-S02N-M02-T-MF01.wav,3.319983333333333,session2,T,train
MSP-IMPROV-S01S-M05-T-MF01,How can I not?,S,2.064516,3.548387,1,./data/RAW/MSP-Improv/Video/session5/S01S/T/MSP-IMPROV-S01S-M05-T-MF01.avi,./data/RAW/MSP-Improv/Audio/session5/S01S/T/MSP-IMPROV-S01S-M05-T-MF01.wav,1.2846166666666667,session5,T,train
MSP-IMPROV-S11N-F06-T-FM01,It is raining outside.,N,2.259259,3.740741,1,./data/RAW/MSP-Improv/Video/session6/S11N/T/MSP-IMPROV-S11N-F06-T-FM01.avi,./data/RAW/MSP-Improv/Audio/session6/S11N/T/MSP-IMPROV-S11N-F06-T-FM01.wav,4.05405,session6,T,dev
MSP-IMPROV-S03S-F04-T-FM01,Although Jorgenson made the pudding.,S,2.407407,3.62963,1,./data/RAW/MSP-Improv/Video/session4/S03S/T/MSP-IMPROV-S03S-F04-T-FM01.avi,./data/RAW/MSP-Improv/Audio/session4/S03S/T/MSP-IMPROV-S03S-F04-T-FM01.wav,2.0854166666666667,session4,T,dev
MSP-IMPROV-S03S-F06-T-FM01,I love Jorgenson made the pudding .,S,1.69697,3.393939,1,./data/RAW/MSP-Improv/Video/session6/S03S/T/MSP-IMPROV-S03S-F06-T-FM01.avi,./data/RAW/MSP-Improv/Audio/session6/S03S/T/MSP-IMPROV-S03S-F06-T-FM01.wav,2.85285,session6,T,dev
MSP-IMPROV-S09H-F06-T-FM01,That's it. The meeting is finished.,H,4.121212,2.848485,0,./data/RAW/MSP-Improv/Video/session6/S09H/T/MSP-IMPROV-S09H-F06-T-FM01.avi,./data/RAW/MSP-Improv/Audio/session6/S09H/T/MSP-IMPROV-S09H-F06-T-FM01.wav,2.886216666666667,session6,T,dev
MSP-IMPROV-S10A-F01-T-FM01,I don't know how she could miss this opportunity.,A,1.862069,2.724138,0,./data/RAW/MSP-Improv/Video/session1/S10A/T/MSP-IMPROV-S10A-F01-T-FM01.avi,./data/RAW/MSP-Improv/Audio/session1/S10A/T/MSP-IMPROV-S10A-F01-T-FM01.wav,2.55255,session1,T,train
MSP-IMPROV-S02N-M05-T-MF01,I'm quite sure that we'll find some way or another .,N,2.617647,3.735294,1,./data/RAW/MSP-Improv/Video/session5/S02N/T/MSP-IMPROV-S02N-M05-T-MF01.avi,./data/RAW/MSP-Improv/Audio/session5/S02N/T/MSP-IMPROV-S02N-M05-T-MF01.wav,3.45345,session5,T,train
MSP-IMPROV-S05S-M03-T-MF01,They're just going to go ahead regardless.,S,1.973684,4.157895,1,./data/RAW/MSP-Improv/Video/session3/S05S/T/MSP-IMPROV-S05S-M03-T-MF01.avi,./data/RAW/MSP-Improv/Audio/session3/S05S/T/MSP-IMPROV-S05S-M03-T-MF01.wav,3.95395,session3,T,train
MSP-IMPROV-S03N-M02-T-MF01,Ella Jorgensen made the pudding.,N,2.92,3.88,0,./data/RAW/MSP-Improv/Video/session2/S03N/T/MSP-IMPROV-S03N-M02-T-MF01.avi,./data/RAW/MSP-Improv/Audio/session2/S03N/T/MSP-IMPROV-S03N-M02-T-MF01.wav,2.318983333333333,session2,T,train
MSP-IMPROV-S05N-F06-T-FM01,They are just going to go ahead regardless.,N,2.444444,3.62963,1,./data/RAW/MSP-Improv/Video/session6/S05N/T/MSP-IMPROV-S05N-F06-T-FM01.avi,./data/RAW/MSP-Improv/Audio/session6/S05N/T/MSP-IMPROV-S05N-F06-T-FM01.wav,3.0864166666666666,session6,T,dev
MSP-IMPROV-S04A-F05-T-FM01,The floor was completely covered.,A,1.965517,2.551724,0,./data/RAW/MSP-Improv/Video/session5/S04A/T/MSP-IMPROV-S04A-F05-T-FM01.avi,./data/RAW/MSP-Improv/Audio/session5/S04A/T/MSP-IMPROV-S04A-F05-T-FM01.wav,4.187516666666666,session5,T,train
MSP-IMPROV-S02H-M01-T-MF01,I'm quite sure that we'll find some way or another.,H,3.444444,3.259259,0,./data/RAW/MSP-Improv/Video/session1/S02H/T/MSP-IMPROV-S02H-M01-T-MF01.avi,./data/RAW/MSP-Improv/Audio/session1/S02H/T/MSP-IMPROV-S02H-M01-T-MF01.wav,3.45345,session1,T,train
MSP-IMPROV-S01N-M03-T-MF01,How can I not?,N,3.0,3.727273,0,./data/RAW/MSP-Improv/Video/session3/S01N/T/MSP-IMPROV-S01N-M03-T-MF01.avi,./data/RAW/MSP-Improv/Audio/session3/S01N/T/MSP-IMPROV-S01N-M03-T-MF01.wav,1.9185833333333333,session3,T,train
MSP-IMPROV-S15A-M05-T-MF01,Only I joined her in the ceremony.,A,2.25,3.166667,0,./data/RAW/MSP-Improv/Video/session5/S15A/T/MSP-IMPROV-S15A-M05-T-MF01.avi,./data/RAW/MSP-Improv/Audio/session5/S15A/T/MSP-IMPROV-S15A-M05-T-MF01.wav,2.886216666666667,session5,T,train
MSP-IMPROV-S10N-M03-T-MF01,I don't know how she could miss this opportunity .,N,2.555556,3.703704,1,./data/RAW/MSP-Improv/Video/session3/S10N/T/MSP-IMPROV-S10N-M03-T-MF01.avi,./data/RAW/MSP-Improv/Audio/session3/S10N/T/MSP-IMPROV-S10N-M03-T-MF01.wav,2.869533333333333,session3,T,train
MSP-IMPROV-S04N-M02-T-MF01,The floor was completely covered.,N,2.869565,3.565217,0,./data/RAW/MSP-Improv/Video/session2/S04N/T/MSP-IMPROV-S04N-M02-T-MF01.avi,./data/RAW/MSP-Improv/Audio/session2/S04N/T/MSP-IMPROV-S04N-M02-T-MF01.wav,1.95195,session2,T,train
MSP-IMPROV-S10A-F03-T-FM01,I don't know how she could miss this opportunity.,A,1.892857,2.785714,0,./data/RAW/MSP-Improv/Video/session3/S10A/T/MSP-IMPROV-S10A-F03-T-FM01.avi,./data/RAW/MSP-Improv/Audio/session3/S10A/T/MSP-IMPROV-S10A-F03-T-FM01.wav,4.05405,session3,T,train
MSP-IMPROV-S15N-F04-T-FM01,Only I joined her in the ceremony.,N,3.5,3.46875,0,./data/RAW/MSP-Improv/Video/session4/S15N/T/MSP-IMPROV-S15N-F04-T-FM01.avi,./data/RAW/MSP-Improv/Audio/session4/S15N/T/MSP-IMPROV-S15N-F04-T-FM01.wav,2.002,session4,T,dev
MSP-IMPROV-S03N-F04-T-FM01,Ellen Jorgenson made the pudding. Oh.,N,3.117647,3.764706,0,./data/RAW/MSP-Improv/Video/session4/S03N/T/MSP-IMPROV-S03N-F04-T-FM01.avi,./data/RAW/MSP-Improv/Audio/session4/S03N/T/MSP-IMPROV-S03N-F04-T-FM01.wav,2.3857166666666667,session4,T,dev
MSP-IMPROV-S10A-M03-T-MF01,I don't know how she can miss this opportunity.,A,2.709677,3.225806,0,./data/RAW/MSP-Improv/Video/session3/S10A/T/MSP-IMPROV-S10A-M03-T-MF01.avi,./data/RAW/MSP-Improv/Audio/session3/S10A/T/MSP-IMPROV-S10A-M03-T-MF01.wav,3.45345,session3,T,train
MSP-IMPROV-S15N-M02-T-MF01,Only I joined her in the ceremony.,N,2.814815,3.62963,0,./data/RAW/MSP-Improv/Video/session2/S15N/T/MSP-IMPROV-S15N-M02-T-MF01.avi,./data/RAW/MSP-Improv/Audio/session2/S15N/T/MSP-IMPROV-S15N-M02-T-MF01.wav,2.118783333333333,session2,T,train
MSP-IMPROV-S11N-M04-T-MF01,"It is raining outside, huh?",N,2.884615,3.653846,0,./data/RAW/MSP-Improv/Video/session4/S11N/T/MSP-IMPROV-S11N-M04-T-MF01.avi,./data/RAW/MSP-Improv/Audio/session4/S11N/T/MSP-IMPROV-S11N-M04-T-MF01.wav,2.285616666666667,session4,T,dev
MSP-IMPROV-S10H-F01-T-FM01,I don't know how she could miss this opportunity.,H,3.52,2.64,0,./data/RAW/MSP-Improv/Video/session1/S10H/T/MSP-IMPROV-S10H-F01-T-FM01.avi,./data/RAW/MSP-Improv/Audio/session1/S10H/T/MSP-IMPROV-S10H-F01-T-FM01.wav,2.35235,session1,T,train
MSP-IMPROV-S09N-F06-T-FM01,"That's it, the meeting is finished.",N,3.424242,3.636364,0,./data/RAW/MSP-Improv/Video/session6/S09N/T/MSP-IMPROV-S09N-F06-T-FM01.avi,./data/RAW/MSP-Improv/Audio/session6/S09N/T/MSP-IMPROV-S09N-F06-T-FM01.wav,2.2188833333333333,session6,T,dev
MSP-IMPROV-S08A-F04-T-FM01,A preliminary study shows reps to be more inquisitive than once thought.,A,2.392857,3.678571,1,./data/RAW/MSP-Improv/Video/session4/S08A/T/MSP-IMPROV-S08A-F04-T-FM01.avi,./data/RAW/MSP-Improv/Audio/session4/S08A/T/MSP-IMPROV-S08A-F04-T-FM01.wav,3.6870166666666666,session4,T,dev
MSP-IMPROV-S02A-F05-T-FM01,I'm quite sure that we will find some way or another.,A,1.962963,2.666667,0,./data/RAW/MSP-Improv/Video/session5/S02A/T/MSP-IMPROV-S02A-F05-T-FM01.avi,./data/RAW/MSP-Improv/Audio/session5/S02A/T/MSP-IMPROV-S02A-F05-T-FM01.wav,4.821483333333333,session5,T,train
MSP-IMPROV-S06H-M06-T-MF01,It has all been scheduled since Wednesday.,H,4.121212,3.151515,0,./data/RAW/MSP-Improv/Video/session6/S06H/T/MSP-IMPROV-S06H-M06-T-MF01.avi,./data/RAW/MSP-Improv/Audio/session6/S06H/T/MSP-IMPROV-S06H-M06-T-MF01.wav,2.8194833333333333,session6,T,dev
MSP-IMPROV-S05H-F05-T-FM01,They're just going to go ahead regardless.,H,3.884615,3.192308,0,./data/RAW/MSP-Improv/Video/session5/S05H/T/MSP-IMPROV-S05H-F05-T-FM01.avi,./data/RAW/MSP-Improv/Audio/session5/S05H/T/MSP-IMPROV-S05H-F05-T-FM01.wav,4.487816666666666,session5,T,train
MSP-IMPROV-S02S-M06-T-MF01,I'm quite sure that we will find some way or another.,S,2.928571,3.392857,0,./data/RAW/MSP-Improv/Video/session6/S02S/T/MSP-IMPROV-S02S-M06-T-MF01.avi,./data/RAW/MSP-Improv/Audio/session6/S02S/T/MSP-IMPROV-S02S-M06-T-MF01.wav,3.6870166666666666,session6,T,dev
MSP-IMPROV-S07H-F04-T-FM01,I'm going shopping.,H,4.393939,2.787879,0,./data/RAW/MSP-Improv/Video/session4/S07H/T/MSP-IMPROV-S07H-F04-T-FM01.avi,./data/RAW/MSP-Improv/Audio/session4/S07H/T/MSP-IMPROV-S07H-F04-T-FM01.wav,0.95095,session4,T,dev
MSP-IMPROV-S05A-F06-T-FM01,They're just going to go ahead regardless.,A,2.5,3.428571,1,./data/RAW/MSP-Improv/Video/session6/S05A/T/MSP-IMPROV-S05A-F06-T-FM01.avi,./data/RAW/MSP-Improv/Audio/session6/S05A/T/MSP-IMPROV-S05A-F06-T-FM01.wav,3.720383333333333,session6,T,dev
MSP-IMPROV-S14A-M06-T-MF01,Your grandmother is on the phone.,A,1.6,2.24,0,./data/RAW/MSP-Improv/Video/session6/S14A/T/MSP-IMPROV-S14A-M06-T-MF01.avi,./data/RAW/MSP-Improv/Audio/session6/S14A/T/MSP-IMPROV-S14A-M06-T-MF01.wav,4.688016666666667,session6,T,dev
MSP-IMPROV-S11H-M06-T-MF01,It is raining outside.,H,4.68,2.28,0,./data/RAW/MSP-Improv/Video/session6/S11H/T/MSP-IMPROV-S11H-M06-T-MF01.avi,./data/RAW/MSP-Improv/Audio/session6/S11H/T/MSP-IMPROV-S11H-M06-T-MF01.wav,2.7527500000000003,session6,T,dev
MSP-IMPROV-S08H-M04-T-MF01,A preliminary study showed the rats to be more inquisitive than once thought.,H,3.807692,2.769231,0,./data/RAW/MSP-Improv/Video/session4/S08H/T/MSP-IMPROV-S08H-M04-T-MF01.avi,./data/RAW/MSP-Improv/Audio/session4/S08H/T/MSP-IMPROV-S08H-M04-T-MF01.wav,3.65365,session4,T,dev
MSP-IMPROV-S14S-F04-T-FM01,Think your grandmother's on the phone. .,S,1.75,3.666667,1,./data/RAW/MSP-Improv/Video/session4/S14S/T/MSP-IMPROV-S14S-F04-T-FM01.avi,./data/RAW/MSP-Improv/Audio/session4/S14S/T/MSP-IMPROV-S14S-F04-T-FM01.wav,3.2032000000000003,session4,T,dev
MSP-IMPROV-S04H-M02-T-MF01,The floor was completely covered.,H,3.888889,3.259259,0,./data/RAW/MSP-Improv/Video/session2/S04H/T/MSP-IMPROV-S04H-M02-T-MF01.avi,./data/RAW/MSP-Improv/Audio/session2/S04H/T/MSP-IMPROV-S04H-M02-T-MF01.wav,3.25325,session2,T,train
MSP-IMPROV-S07S-F04-T-FM01,I'm going shopping.,S,2.130435,3.565217,1,./data/RAW/MSP-Improv/Video/session4/S07S/T/MSP-IMPROV-S07S-F04-T-FM01.avi,./data/RAW/MSP-Improv/Audio/session4/S07S/T/MSP-IMPROV-S07S-F04-T-FM01.wav,2.419083333333333,session4,T,dev
MSP-IMPROV-S09H-F02-T-FM01,"That's it, the meeting's finished.",H,4.333333,3.151515,0,./data/RAW/MSP-Improv/Video/session2/S09H/T/MSP-IMPROV-S09H-F02-T-FM01.avi,./data/RAW/MSP-Improv/Audio/session2/S09H/T/MSP-IMPROV-S09H-F02-T-FM01.wav,3.2699333333333334,session2,T,train
MSP-IMPROV-S02S-M03-T-MF01,I'm quite sure that we'll find some way or another .,S,3.176471,3.588235,0,./data/RAW/MSP-Improv/Video/session3/S02S/T/MSP-IMPROV-S02S-M03-T-MF01.avi,./data/RAW/MSP-Improv/Audio/session3/S02S/T/MSP-IMPROV-S02S-M03-T-MF01.wav,3.5869166666666668,session3,T,train
MSP-IMPROV-S12A-F06-T-FM01,Jerk dog is insane.,A,1.869565,2.956522,0,./data/RAW/MSP-Improv/Video/session6/S12A/T/MSP-IMPROV-S12A-F06-T-FM01.avi,./data/RAW/MSP-Improv/Audio/session6/S12A/T/MSP-IMPROV-S12A-F06-T-FM01.wav,4.087416666666667,session6,T,dev
MSP-IMPROV-S07A-F06-T-FM01,I'm going shopping.,A,2.65,3.45,1,./data/RAW/MSP-Improv/Video/session6/S07A/T/MSP-IMPROV-S07A-F06-T-FM01.avi,./data/RAW/MSP-Improv/Audio/session6/S07A/T/MSP-IMPROV-S07A-F06-T-FM01.wav,1.6182833333333333,session6,T,dev
MSP-IMPROV-S05A-M04-T-MF01,They are just going to go ahead and regardless.,A,2.0,2.869565,0,./data/RAW/MSP-Improv/Video/session4/S05A/T/MSP-IMPROV-S05A-M04-T-MF01.avi,./data/RAW/MSP-Improv/Audio/session4/S05A/T/MSP-IMPROV-S05A-M04-T-MF01.wav,3.319983333333333,session4,T,dev
MSP-IMPROV-S10H-M05-T-MF01,I don't know how she can miss this opportunity.,H,3.916667,2.791667,0,./data/RAW/MSP-Improv/Video/session5/S10H/T/MSP-IMPROV-S10H-M05-T-MF01.avi,./data/RAW/MSP-Improv/Audio/session5/S10H/T/MSP-IMPROV-S10H-M05-T-MF01.wav,2.55255,session5,T,train
MSP-IMPROV-S12H-M02-T-MF01,Your dogs insane.,H,3.222222,2.925926,0,./data/RAW/MSP-Improv/Video/session2/S12H/T/MSP-IMPROV-S12H-M02-T-MF01.avi,./data/RAW/MSP-Improv/Audio/session2/S12H/T/MSP-IMPROV-S12H-M02-T-MF01.wav,1.4681333333333333,session2,T,train
MSP-IMPROV-S14S-F02-T-FM01,Your grandmother's on this phone. .,S,2.166667,3.611111,1,./data/RAW/MSP-Improv/Video/session2/S14S/T/MSP-IMPROV-S14S-F02-T-FM01.avi,./data/RAW/MSP-Improv/Audio/session2/S14S/T/MSP-IMPROV-S14S-F02-T-FM01.wav,3.069733333333333,session2,T,train
MSP-IMPROV-S08S-F05-T-FM01,A preliminary study shows rats to be more inquisitive than one spot.,S,2.076923,3.692308,1,./data/RAW/MSP-Improv/Video/session5/S08S/T/MSP-IMPROV-S08S-F05-T-FM01.avi,./data/RAW/MSP-Improv/Audio/session5/S08S/T/MSP-IMPROV-S08S-F05-T-FM01.wav,7.624283333333333,session5,T,train
MSP-IMPROV-S05S-F02-T-FM02,They're just going to go ahead regardless.,S,2.4,3.4,1,./data/RAW/MSP-Improv/Video/session2/S05S/T/MSP-IMPROV-S05S-F02-T-FM02.avi,./data/RAW/MSP-Improv/Audio/session2/S05S/T/MSP-IMPROV-S05S-F02-T-FM02.wav,2.95295,session2,T,train
MSP-IMPROV-S06S-M05-T-MF01,It has all been scheduled since Wednesday.,S,2.807692,3.615385,0,./data/RAW/MSP-Improv/Video/session5/S06S/T/MSP-IMPROV-S06S-M05-T-MF01.avi,./data/RAW/MSP-Improv/Audio/session5/S06S/T/MSP-IMPROV-S06S-M05-T-MF01.wav,2.585916666666667,session5,T,train
MSP-IMPROV-S07N-F03-T-FM01,I'm going shopping.,N,2.391304,3.086957,0,./data/RAW/MSP-Improv/Video/session3/S07N/T/MSP-IMPROV-S07N-F03-T-FM01.avi,./data/RAW/MSP-Improv/Audio/session3/S07N/T/MSP-IMPROV-S07N-F03-T-FM01.wav,2.318983333333333,session3,T,train
MSP-IMPROV-S07S-M04-T-MF01,I am going shopping.,S,2.882353,3.235294,0,./data/RAW/MSP-Improv/Video/session4/S07S/T/MSP-IMPROV-S07S-M04-T-MF01.avi,./data/RAW/MSP-Improv/Audio/session4/S07S/T/MSP-IMPROV-S07S-M04-T-MF01.wav,1.85185,session4,T,dev
MSP-IMPROV-S07H-M04-T-MF01,I am going shopping .,H,4.333333,2.966667,0,./data/RAW/MSP-Improv/Video/session4/S07H/T/MSP-IMPROV-S07H-M04-T-MF01.avi,./data/RAW/MSP-Improv/Audio/session4/S07H/T/MSP-IMPROV-S07H-M04-T-MF01.wav,2.585916666666667,session4,T,dev
MSP-IMPROV-S10S-M04-T-MF01,I don't know how she could miss this opportunity .,S,1.85,2.9,0,./data/RAW/MSP-Improv/Video/session4/S10S/T/MSP-IMPROV-S10S-M04-T-MF01.avi,./data/RAW/MSP-Improv/Audio/session4/S10S/T/MSP-IMPROV-S10S-M04-T-MF01.wav,3.2866166666666667,session4,T,dev
MSP-IMPROV-S11A-M02-T-MF01,It is raining outside.,A,3.0,3.555556,0,./data/RAW/MSP-Improv/Video/session2/S11A/T/MSP-IMPROV-S11A-M02-T-MF01.avi,./data/RAW/MSP-Improv/Audio/session2/S11A/T/MSP-IMPROV-S11A-M02-T-MF01.wav,2.285616666666667,session2,T,train
MSP-IMPROV-S04A-M01-T-MF01,The floor was completely covered.Really?,A,2.16,3.36,0,./data/RAW/MSP-Improv/Video/session1/S04A/T/MSP-IMPROV-S04A-M01-T-MF01.avi,./data/RAW/MSP-Improv/Audio/session1/S04A/T/MSP-IMPROV-S04A-M01-T-MF01.wav,2.419083333333333,session1,T,train
MSP-IMPROV-S15S-M06-T-MF01,Overly. I joined her in the ceremony.,S,1.653846,2.846154,0,./data/RAW/MSP-Improv/Video/session6/S15S/T/MSP-IMPROV-S15S-M06-T-MF01.avi,./data/RAW/MSP-Improv/Audio/session6/S15S/T/MSP-IMPROV-S15S-M06-T-MF01.wav,3.6870166666666666,session6,T,dev
MSP-IMPROV-S03A-M02-T-MF01,Ella Jorgensen made the pudding.,A,2.916667,3.722222,0,./data/RAW/MSP-Improv/Video/session2/S03A/T/MSP-IMPROV-S03A-M02-T-MF01.avi,./data/RAW/MSP-Improv/Audio/session2/S03A/T/MSP-IMPROV-S03A-M02-T-MF01.wav,3.2866166666666667,session2,T,train
MSP-IMPROV-S10N-M02-T-MF01,I don't know how she could miss this opportunity .,N,2.677419,3.935484,1,./data/RAW/MSP-Improv/Video/session2/S10N/T/MSP-IMPROV-S10N-M02-T-MF01.avi,./data/RAW/MSP-Improv/Audio/session2/S10N/T/MSP-IMPROV-S10N-M02-T-MF01.wav,3.069733333333333,session2,T,train
MSP-IMPROV-S14A-M05-T-MF01,Your grandmother is on the phone.,A,2.258065,3.032258,0,./data/RAW/MSP-Improv/Video/session5/S14A/T/MSP-IMPROV-S14A-M05-T-MF01.avi,./data/RAW/MSP-Improv/Audio/session5/S14A/T/MSP-IMPROV-S14A-M05-T-MF01.wav,2.35235,session5,T,train
MSP-IMPROV-S03H-F06-T-FM01,Elec Jorgenson made the pudding .,H,3.807692,3.0,0,./data/RAW/MSP-Improv/Video/session6/S03H/T/MSP-IMPROV-S03H-F06-T-FM01.avi,./data/RAW/MSP-Improv/Audio/session6/S03H/T/MSP-IMPROV-S03H-F06-T-FM01.wav,3.019683333333333,session6,T,dev
MSP-IMPROV-S02A-M04-T-MF01,I'm quite sure that we will find some way or another.,A,3.0,2.8,0,./data/RAW/MSP-Improv/Video/session4/S02A/T/MSP-IMPROV-S02A-M04-T-MF01.avi,./data/RAW/MSP-Improv/Audio/session4/S02A/T/MSP-IMPROV-S02A-M04-T-MF01.wav,3.787116666666667,session4,T,dev
MSP-IMPROV-S07N-M05-T-MF01,I'm going shopping .,N,2.44,4.0,1,./data/RAW/MSP-Improv/Video/session5/S07N/T/MSP-IMPROV-S07N-M05-T-MF01.avi,./data/RAW/MSP-Improv/Audio/session5/S07N/T/MSP-IMPROV-S07N-M05-T-MF01.wav,2.018683333333333,session5,T,train
MSP-IMPROV-S09N-M01-T-MF01,That's it. The meeting is finished.Great.,N,2.961538,3.653846,0,./data/RAW/MSP-Improv/Video/session1/S09N/T/MSP-IMPROV-S09N-M01-T-MF01.avi,./data/RAW/MSP-Improv/Audio/session1/S09N/T/MSP-IMPROV-S09N-M01-T-MF01.wav,3.65365,session1,T,train
MSP-IMPROV-S06S-F05-T-FM01,And has all been scheduled since Wednesday.,S,2.1,3.733333,1,./data/RAW/MSP-Improv/Video/session5/S06S/T/MSP-IMPROV-S06S-F05-T-FM01.avi,./data/RAW/MSP-Improv/Audio/session5/S06S/T/MSP-IMPROV-S06S-F05-T-FM01.wav,5.188516666666667,session5,T,train
MSP-IMPROV-S04N-F03-T-FM01,The floor was completely covered.,N,2.117647,3.235294,0,./data/RAW/MSP-Improv/Video/session3/S04N/T/MSP-IMPROV-S04N-F03-T-FM01.avi,./data/RAW/MSP-Improv/Audio/session3/S04N/T/MSP-IMPROV-S04N-F03-T-FM01.wav,2.886216666666667,session3,T,train
MSP-IMPROV-S06A-F05-T-FM01,It has all been scheduled since Wednesday.,A,1.83871,2.354839,0,./data/RAW/MSP-Improv/Video/session5/S06A/T/MSP-IMPROV-S06A-F05-T-FM01.avi,./data/RAW/MSP-Improv/Audio/session5/S06A/T/MSP-IMPROV-S06A-F05-T-FM01.wav,5.889216666666667,session5,T,train
MSP-IMPROV-S06A-M01-T-MF01,It has all been scheduled since Wednesday.,A,1.862069,2.965517,0,./data/RAW/MSP-Improv/Video/session1/S06A/T/MSP-IMPROV-S06A-M01-T-MF01.avi,./data/RAW/MSP-Improv/Audio/session1/S06A/T/MSP-IMPROV-S06A-M01-T-MF01.wav,2.4858166666666666,session1,T,train
MSP-IMPROV-S03H-M02-T-MF01,Ella Jorgenson made the pudding.,H,4.08,3.28,0,./data/RAW/MSP-Improv/Video/session2/S03H/T/MSP-IMPROV-S03H-M02-T-MF01.avi,./data/RAW/MSP-Improv/Audio/session2/S03H/T/MSP-IMPROV-S03H-M02-T-MF01.wav,2.3857166666666667,session2,T,train
MSP-IMPROV-S05N-F02-T-FM01,They're just going to go ahead regardless.,N,2.722222,3.527778,0,./data/RAW/MSP-Improv/Video/session2/S05N/T/MSP-IMPROV-S05N-F02-T-FM01.avi,./data/RAW/MSP-Improv/Audio/session2/S05N/T/MSP-IMPROV-S05N-F02-T-FM01.wav,2.15215,session2,T,train
MSP-IMPROV-S13S-M05-T-MF01,She told me what you did.,S,2.225806,3.612903,1,./data/RAW/MSP-Improv/Video/session5/S13S/T/MSP-IMPROV-S13S-M05-T-MF01.avi,./data/RAW/MSP-Improv/Audio/session5/S13S/T/MSP-IMPROV-S13S-M05-T-MF01.wav,1.3179833333333333,session5,T,train
MSP-IMPROV-S07H-M01-T-MF01,I am going shopping.,H,4.028571,3.257143,0,./data/RAW/MSP-Improv/Video/session1/S07H/T/MSP-IMPROV-S07H-M01-T-MF01.avi,./data/RAW/MSP-Improv/Audio/session1/S07H/T/MSP-IMPROV-S07H-M01-T-MF01.wav,1.35135,session1,T,train
MSP-IMPROV-S13H-M05-T-MF01,She told me what you did.,H,3.821429,2.714286,0,./data/RAW/MSP-Improv/Video/session5/S13H/T/MSP-IMPROV-S13H-M05-T-MF01.avi,./data/RAW/MSP-Improv/Audio/session5/S13H/T/MSP-IMPROV-S13H-M05-T-MF01.wav,1.95195,session5,T,train
MSP-IMPROV-S09H-M05-T-MF01,That's it. The meeting is finished.,H,3.548387,2.645161,0,./data/RAW/MSP-Improv/Video/session5/S09H/T/MSP-IMPROV-S09H-M05-T-MF01.avi,./data/RAW/MSP-Improv/Audio/session5/S09H/T/MSP-IMPROV-S09H-M05-T-MF01.wav,2.285616666666667,session5,T,train
MSP-IMPROV-S13H-F06-T-FM01,She told me what you did.,H,3.75,3.0,0,./data/RAW/MSP-Improv/Video/session6/S13H/T/MSP-IMPROV-S13H-F06-T-FM01.avi,./data/RAW/MSP-Improv/Audio/session6/S13H/T/MSP-IMPROV-S13H-F06-T-FM01.wav,3.15315,session6,T,dev
MSP-IMPROV-S02A-M06-T-MF01,I'm quite sure that we will find some way or another.,A,2.382353,2.617647,0,./data/RAW/MSP-Improv/Video/session6/S02A/T/MSP-IMPROV-S02A-M06-T-MF01.avi,./data/RAW/MSP-Improv/Audio/session6/S02A/T/MSP-IMPROV-S02A-M06-T-MF01.wav,3.9873166666666666,session6,T,dev
MSP-IMPROV-S07N-F06-T-FM01,I'm going shopping.,N,3.083333,3.666667,0,./data/RAW/MSP-Improv/Video/session6/S07N/T/MSP-IMPROV-S07N-F06-T-FM01.avi,./data/RAW/MSP-Improv/Audio/session6/S07N/T/MSP-IMPROV-S07N-F06-T-FM01.wav,2.05205,session6,T,dev
MSP-IMPROV-S11A-M05-T-MF01,It is raining outside .,A,3.041667,2.916667,0,./data/RAW/MSP-Improv/Video/session5/S11A/T/MSP-IMPROV-S11A-M05-T-MF01.avi,./data/RAW/MSP-Improv/Audio/session5/S11A/T/MSP-IMPROV-S11A-M05-T-MF01.wav,2.719383333333333,session5,T,train
MSP-IMPROV-S06A-M02-T-MF01,It has all been scheduled since Wednesday.,A,2.653846,3.346154,0,./data/RAW/MSP-Improv/Video/session2/S06A/T/MSP-IMPROV-S06A-M02-T-MF01.avi,./data/RAW/MSP-Improv/Audio/session2/S06A/T/MSP-IMPROV-S06A-M02-T-MF01.wav,2.6860166666666667,session2,T,train
MSP-IMPROV-S03S-M03-T-MF01,Alice Jorgenson made the pudding.,S,2.818182,4.0,0,./data/RAW/MSP-Improv/Video/session3/S03S/T/MSP-IMPROV-S03S-M03-T-MF01.avi,./data/RAW/MSP-Improv/Audio/session3/S03S/T/MSP-IMPROV-S03S-M03-T-MF01.wav,3.6870166666666666,session3,T,train
MSP-IMPROV-S05N-M02-T-MF01,They're just going to go ahead regardless.,N,2.4,3.52,1,./data/RAW/MSP-Improv/Video/session2/S05N/T/MSP-IMPROV-S05N-M02-T-MF01.avi,./data/RAW/MSP-Improv/Audio/session2/S05N/T/MSP-IMPROV-S05N-M02-T-MF01.wav,3.4200833333333334,session2,T,train
MSP-IMPROV-S08N-F02-T-FM01,A preliminary study shows rats to be more inquisitive than one stop .,N,2.785714,3.428571,0,./data/RAW/MSP-Improv/Video/session2/S08N/T/MSP-IMPROV-S08N-F02-T-FM01.avi,./data/RAW/MSP-Improv/Audio/session2/S08N/T/MSP-IMPROV-S08N-F02-T-FM01.wav,4.337666666666666,session2,T,train
MSP-IMPROV-S09A-M05-T-MF01,That's it. The meeting is finished.,A,1.9,2.5,0,./data/RAW/MSP-Improv/Video/session5/S09A/T/MSP-IMPROV-S09A-M05-T-MF01.avi,./data/RAW/MSP-Improv/Audio/session5/S09A/T/MSP-IMPROV-S09A-M05-T-MF01.wav,2.4858166666666666,session5,T,train
MSP-IMPROV-S13N-M04-T-MF01,She told me what you did.,N,2.407407,3.222222,0,./data/RAW/MSP-Improv/Video/session4/S13N/T/MSP-IMPROV-S13N-M04-T-MF01.avi,./data/RAW/MSP-Improv/Audio/session4/S13N/T/MSP-IMPROV-S13N-M04-T-MF01.wav,1.6182833333333333,session4,T,dev
MSP-IMPROV-S12S-F04-T-FM01,Dog is insane.,S,1.619048,3.571429,1,./data/RAW/MSP-Improv/Video/session4/S12S/T/MSP-IMPROV-S12S-F04-T-FM01.avi,./data/RAW/MSP-Improv/Audio/session4/S12S/T/MSP-IMPROV-S12S-F04-T-FM01.wav,2.4024,session4,T,dev
MSP-IMPROV-S05A-F05-T-FM01,They are just going to go ahead regardless.,A,1.88,2.84,0,./data/RAW/MSP-Improv/Video/session5/S05A/T/MSP-IMPROV-S05A-F05-T-FM01.avi,./data/RAW/MSP-Improv/Audio/session5/S05A/T/MSP-IMPROV-S05A-F05-T-FM01.wav,4.187516666666666,session5,T,train
MSP-IMPROV-S13H-M04-T-MF01,She told me what you did .,H,3.758621,3.103448,0,./data/RAW/MSP-Improv/Video/session4/S13H/T/MSP-IMPROV-S13H-M04-T-MF01.avi,./data/RAW/MSP-Improv/Audio/session4/S13H/T/MSP-IMPROV-S13H-M04-T-MF01.wav,2.419083333333333,session4,T,dev
MSP-IMPROV-S01S-F03-T-FM01,How can I not.,S,1.684211,3.526316,1,./data/RAW/MSP-Improv/Video/session3/S01S/T/MSP-IMPROV-S01S-F03-T-FM01.avi,./data/RAW/MSP-Improv/Audio/session3/S01S/T/MSP-IMPROV-S01S-F03-T-FM01.wav,2.45245,session3,T,train
MSP-IMPROV-S07A-M03-T-MF01,I'm going shopping.,A,2.931034,3.551724,0,./data/RAW/MSP-Improv/Video/session3/S07A/T/MSP-IMPROV-S07A-M03-T-MF01.avi,./data/RAW/MSP-Improv/Audio/session3/S07A/T/MSP-IMPROV-S07A-M03-T-MF01.wav,1.85185,session3,T,train
MSP-IMPROV-S07A-F05-T-FM01,I am going shopping.,A,2.68,2.92,0,./data/RAW/MSP-Improv/Video/session5/S07A/T/MSP-IMPROV-S07A-F05-T-FM01.avi,./data/RAW/MSP-Improv/Audio/session5/S07A/T/MSP-IMPROV-S07A-F05-T-FM01.wav,3.5869166666666668,session5,T,train
MSP-IMPROV-S13A-F02-T-FM01,She told me what you did.,A,2.15625,3.03125,0,./data/RAW/MSP-Improv/Video/session2/S13A/T/MSP-IMPROV-S13A-F02-T-FM01.avi,./data/RAW/MSP-Improv/Audio/session2/S13A/T/MSP-IMPROV-S13A-F02-T-FM01.wav,3.2032000000000003,session2,T,train
MSP-IMPROV-S03A-F02-T-FM01,OLED Jorgensen made the pudding.,A,1.827586,3.413793,1,./data/RAW/MSP-Improv/Video/session2/S03A/T/MSP-IMPROV-S03A-F02-T-FM01.avi,./data/RAW/MSP-Improv/Audio/session2/S03A/T/MSP-IMPROV-S03A-F02-T-FM01.wav,2.7527500000000003,session2,T,train
MSP-IMPROV-S03N-F03-T-FM01,Ella Jorgensen made the pudding.,N,2.555556,3.166667,0,./data/RAW/MSP-Improv/Video/session3/S03N/T/MSP-IMPROV-S03N-F03-T-FM01.avi,./data/RAW/MSP-Improv/Audio/session3/S03N/T/MSP-IMPROV-S03N-F03-T-FM01.wav,2.118783333333333,session3,T,train
MSP-IMPROV-S07N-M06-T-MF01,I am going shopping.,N,2.925926,3.148148,0,./data/RAW/MSP-Improv/Video/session6/S07N/T/MSP-IMPROV-S07N-M06-T-MF01.avi,./data/RAW/MSP-Improv/Audio/session6/S07N/T/MSP-IMPROV-S07N-M06-T-MF01.wav,1.9853166666666664,session6,T,dev
MSP-IMPROV-S05A-F03-T-FM01,They just going to go ahead regardless.,A,1.846154,2.923077,0,./data/RAW/MSP-Improv/Video/session3/S05A/T/MSP-IMPROV-S05A-F03-T-FM01.avi,./data/RAW/MSP-Improv/Audio/session3/S05A/T/MSP-IMPROV-S05A-F03-T-FM01.wav,2.919583333333333,session3,T,train
MSP-IMPROV-S15N-M06-T-MF01,Only I joined her in the ceremony.,N,2.75,3.5,0,./data/RAW/MSP-Improv/Video/session6/S15N/T/MSP-IMPROV-S15N-M06-T-MF01.avi,./data/RAW/MSP-Improv/Audio/session6/S15N/T/MSP-IMPROV-S15N-M06-T-MF01.wav,1.85185,session6,T,dev
MSP-IMPROV-S15S-F06-T-FM01,Only I joined her in the ceremony.,S,1.705882,3.352941,0,./data/RAW/MSP-Improv/Video/session6/S15S/T/MSP-IMPROV-S15S-F06-T-FM01.avi,./data/RAW/MSP-Improv/Audio/session6/S15S/T/MSP-IMPROV-S15S-F06-T-FM01.wav,4.320983333333333,session6,T,dev
MSP-IMPROV-S06H-M05-T-MF01,It has all been scheduled since Wednesday.,H,3.807692,3.307692,0,./data/RAW/MSP-Improv/Video/session5/S06H/T/MSP-IMPROV-S06H-M05-T-MF01.avi,./data/RAW/MSP-Improv/Audio/session5/S06H/T/MSP-IMPROV-S06H-M05-T-MF01.wav,1.9185833333333333,session5,T,train
MSP-IMPROV-S10S-M01-T-MF01,I don't know how she can miss this opportunity.,S,2.352941,3.617647,1,./data/RAW/MSP-Improv/Video/session1/S10S/T/MSP-IMPROV-S10S-M01-T-MF01.avi,./data/RAW/MSP-Improv/Audio/session1/S10S/T/MSP-IMPROV-S10S-M01-T-MF01.wav,3.55355,session1,T,train
MSP-IMPROV-S01N-F01-T-FM01,How can I not?,N,2.612903,3.83871,1,./data/RAW/MSP-Improv/Video/session1/S01N/T/MSP-IMPROV-S01N-F01-T-FM01.avi,./data/RAW/MSP-Improv/Audio/session1/S01N/T/MSP-IMPROV-S01N-F01-T-FM01.wav,1.15115,session1,T,train
MSP-IMPROV-S01H-M05-T-MF01,How can I not?,H,4.333333,3.0,0,./data/RAW/MSP-Improv/Video/session5/S01H/T/MSP-IMPROV-S01H-M05-T-MF01.avi,./data/RAW/MSP-Improv/Audio/session5/S01H/T/MSP-IMPROV-S01H-M05-T-MF01.wav,1.5181833333333334,session5,T,train
MSP-IMPROV-S07S-M05-T-MF01,I am going shopping.,S,1.928571,3.785714,1,./data/RAW/MSP-Improv/Video/session5/S07S/T/MSP-IMPROV-S07S-M05-T-MF01.avi,./data/RAW/MSP-Improv/Audio/session5/S07S/T/MSP-IMPROV-S07S-M05-T-MF01.wav,2.318983333333333,session5,T,train
MSP-IMPROV-S02S-F05-T-FM01,I'm quite sure that we will find some way or another.,S,1.958333,3.333333,0,./data/RAW/MSP-Improv/Video/session5/S02S/T/MSP-IMPROV-S02S-F05-T-FM01.avi,./data/RAW/MSP-Improv/Audio/session5/S02S/T/MSP-IMPROV-S02S-F05-T-FM01.wav,5.021683333333334,session5,T,train
MSP-IMPROV-S03N-M03-T-MF01,Ella Jorgensen made the pudding.,N,2.961538,3.846154,0,./data/RAW/MSP-Improv/Video/session3/S03N/T/MSP-IMPROV-S03N-M03-T-MF01.avi,./data/RAW/MSP-Improv/Audio/session3/S03N/T/MSP-IMPROV-S03N-M03-T-MF01.wav,2.318983333333333,session3,T,train
MSP-IMPROV-S01N-F06-T-FM01,How can I not?,N,2.807692,3.615385,0,./data/RAW/MSP-Improv/Video/session6/S01N/T/MSP-IMPROV-S01N-F06-T-FM01.avi,./data/RAW/MSP-Improv/Audio/session6/S01N/T/MSP-IMPROV-S01N-F06-T-FM01.wav,1.1845166666666669,session6,T,dev
MSP-IMPROV-S02A-M02-T-MF01,I'm quite sure that we'll find some way or another.,A,3.285714,3.47619,0,./data/RAW/MSP-Improv/Video/session2/S02A/T/MSP-IMPROV-S02A-M02-T-MF01.avi,./data/RAW/MSP-Improv/Audio/session2/S02A/T/MSP-IMPROV-S02A-M02-T-MF01.wav,4.05405,session2,T,train
MSP-IMPROV-S02A-F03-T-FM01,I'm quite sure that we will find some way or another.,A,2.181818,3.030303,0,./data/RAW/MSP-Improv/Video/session3/S02A/T/MSP-IMPROV-S02A-F03-T-FM01.avi,./data/RAW/MSP-Improv/Audio/session3/S02A/T/MSP-IMPROV-S02A-F03-T-FM01.wav,4.85485,session3,T,train
MSP-IMPROV-S10N-M06-T-MF01,I don't know how she could miss this opportunity.,N,3.611111,3.555556,0,./data/RAW/MSP-Improv/Video/session6/S10N/T/MSP-IMPROV-S10N-M06-T-MF01.avi,./data/RAW/MSP-Improv/Audio/session6/S10N/T/MSP-IMPROV-S10N-M06-T-MF01.wav,3.15315,session6,T,dev
MSP-IMPROV-S15H-F06-T-FM01,Only I joined her in the ceremony.,H,4.407407,3.444444,0,./data/RAW/MSP-Improv/Video/session6/S15H/T/MSP-IMPROV-S15H-F06-T-FM01.avi,./data/RAW/MSP-Improv/Audio/session6/S15H/T/MSP-IMPROV-S15H-F06-T-FM01.wav,2.85285,session6,T,dev
MSP-IMPROV-S09A-F02-T-FM01,That's it. The meeting is finished.,A,2.038462,3.346154,0,./data/RAW/MSP-Improv/Video/session2/S09A/T/MSP-IMPROV-S09A-F02-T-FM01.avi,./data/RAW/MSP-Improv/Audio/session2/S09A/T/MSP-IMPROV-S09A-F02-T-FM01.wav,3.7037,session2,T,train
MSP-IMPROV-S09A-M01-T-MF01,That's it. The meeting is finished.,A,1.580645,2.935484,0,./data/RAW/MSP-Improv/Video/session1/S09A/T/MSP-IMPROV-S09A-M01-T-MF01.avi,./data/RAW/MSP-Improv/Audio/session1/S09A/T/MSP-IMPROV-S09A-M01-T-MF01.wav,3.75375,session1,T,train
MSP-IMPROV-S10N-F06-T-FM01,I don't know how she could miss this opportunity.,N,2.575758,3.666667,1,./data/RAW/MSP-Improv/Video/session6/S10N/T/MSP-IMPROV-S10N-F06-T-FM01.avi,./data/RAW/MSP-Improv/Audio/session6/S10N/T/MSP-IMPROV-S10N-F06-T-FM01.wav,3.3867166666666666,session6,T,dev
MSP-IMPROV-S09N-M05-T-MF01,That's it. The meeting is finished.,N,2.833333,3.375,0,./data/RAW/MSP-Improv/Video/session5/S09N/T/MSP-IMPROV-S09N-M05-T-MF01.avi,./data/RAW/MSP-Improv/Audio/session5/S09N/T/MSP-IMPROV-S09N-M05-T-MF01.wav,2.15215,session5,T,train
MSP-IMPROV-S09H-F04-T-FM01,"That's it, the meeting is finished.",H,4.259259,3.222222,0,./data/RAW/MSP-Improv/Video/session4/S09H/T/MSP-IMPROV-S09H-F04-T-FM01.avi,./data/RAW/MSP-Improv/Audio/session4/S09H/T/MSP-IMPROV-S09H-F04-T-FM01.wav,1.6182833333333333,session4,T,dev
MSP-IMPROV-S03S-F05-T-FM01,"Oh, well, it's Oregon Jorgensen made the pudding.",S,2.185185,3.481481,1,./data/RAW/MSP-Improv/Video/session5/S03S/T/MSP-IMPROV-S03S-F05-T-FM01.avi,./data/RAW/MSP-Improv/Audio/session5/S03S/T/MSP-IMPROV-S03S-F05-T-FM01.wav,3.9873166666666666,session5,T,train
MSP-IMPROV-S09S-F02-T-FM01,That's it. The meeting is finished. .,S,1.769231,3.576923,1,./data/RAW/MSP-Improv/Video/session2/S09S/T/MSP-IMPROV-S09S-F02-T-FM01.avi,./data/RAW/MSP-Improv/Audio/session2/S09S/T/MSP-IMPROV-S09S-F02-T-FM01.wav,3.6036,session2,T,train
MSP-IMPROV-S08A-M02-T-MF01,A preliminary study shows rats to be more inquisitive than once thought.,A,3.071429,3.214286,0,./data/RAW/MSP-Improv/Video/session2/S08A/T/MSP-IMPROV-S08A-M02-T-MF01.avi,./data/RAW/MSP-Improv/Audio/session2/S08A/T/MSP-IMPROV-S08A-M02-T-MF01.wav,4.988316666666667,session2,T,train
MSP-IMPROV-S10S-F04-T-FM01,I don't know how she could miss this opportunity.,S,2.181818,3.727273,1,./data/RAW/MSP-Improv/Video/session4/S10S/T/MSP-IMPROV-S10S-F04-T-FM01.avi,./data/RAW/MSP-Improv/Audio/session4/S10S/T/MSP-IMPROV-S10S-F04-T-FM01.wav,3.319983333333333,session4,T,dev
MSP-IMPROV-S05H-F02-T-FM01,They're just going to go ahead regardless.,H,3.103448,3.517241,0,./data/RAW/MSP-Improv/Video/session2/S05H/T/MSP-IMPROV-S05H-F02-T-FM01.avi,./data/RAW/MSP-Improv/Audio/session2/S05H/T/MSP-IMPROV-S05H-F02-T-FM01.wav,2.0353666666666665,session2,T,train
MSP-IMPROV-S04A-M02-T-MF01,The floor was completely covered.,A,2.088235,2.264706,0,./data/RAW/MSP-Improv/Video/session2/S04A/T/MSP-IMPROV-S04A-M02-T-MF01.avi,./data/RAW/MSP-Improv/Audio/session2/S04A/T/MSP-IMPROV-S04A-M02-T-MF01.wav,2.118783333333333,session2,T,train
MSP-IMPROV-S12S-M02-T-MF01,Your dog is insane. .,S,2.333333,3.703704,1,./data/RAW/MSP-Improv/Video/session2/S12S/T/MSP-IMPROV-S12S-M02-T-MF01.avi,./data/RAW/MSP-Improv/Audio/session2/S12S/T/MSP-IMPROV-S12S-M02-T-MF01.wav,2.419083333333333,session2,T,train
MSP-IMPROV-S15H-F05-T-FM01,Only I joined her in the ceremony.,H,3.933333,2.533333,0,./data/RAW/MSP-Improv/Video/session5/S15H/T/MSP-IMPROV-S15H-F05-T-FM01.avi,./data/RAW/MSP-Improv/Audio/session5/S15H/T/MSP-IMPROV-S15H-F05-T-FM01.wav,4.120783333333334,session5,T,train
MSP-IMPROV-S15A-M02-T-MF01,Only I joined during the ceremony .,A,2.151515,3.212121,0,./data/RAW/MSP-Improv/Video/session2/S15A/T/MSP-IMPROV-S15A-M02-T-MF01.avi,./data/RAW/MSP-Improv/Audio/session2/S15A/T/MSP-IMPROV-S15A-M02-T-MF01.wav,2.585916666666667,session2,T,train
MSP-IMPROV-S06N-M05-T-MF01,It has all been scheduled on this Wednesday.,N,2.777778,3.777778,0,./data/RAW/MSP-Improv/Video/session5/S06N/T/MSP-IMPROV-S06N-M05-T-MF01.avi,./data/RAW/MSP-Improv/Audio/session5/S06N/T/MSP-IMPROV-S06N-M05-T-MF01.wav,2.65265,session5,T,train
MSP-IMPROV-S12N-M02-T-MF01,My dog is insane.,N,2.689655,3.862069,1,./data/RAW/MSP-Improv/Video/session2/S12N/T/MSP-IMPROV-S12N-M02-T-MF01.avi,./data/RAW/MSP-Improv/Audio/session2/S12N/T/MSP-IMPROV-S12N-M02-T-MF01.wav,2.585916666666667,session2,T,train
MSP-IMPROV-S04H-F01-T-FM01,The floor is completely covered!,H,4.233333,2.566667,0,./data/RAW/MSP-Improv/Video/session1/S04H/T/MSP-IMPROV-S04H-F01-T-FM01.avi,./data/RAW/MSP-Improv/Audio/session1/S04H/T/MSP-IMPROV-S04H-F01-T-FM01.wav,1.484816666666667,session1,T,train
MSP-IMPROV-S05N-M01-T-MF01,They're just going to go ahead regardless.,N,2.535714,3.607143,1,./data/RAW/MSP-Improv/Video/session1/S05N/T/MSP-IMPROV-S05N-M01-T-MF01.avi,./data/RAW/MSP-Improv/Audio/session1/S05N/T/MSP-IMPROV-S05N-M01-T-MF01.wav,2.886216666666667,session1,T,train
MSP-IMPROV-S02S-M04-T-MF01,I'm quite sure that we will find some way or another.,S,2.774194,3.419355,0,./data/RAW/MSP-Improv/Video/session4/S02S/T/MSP-IMPROV-S02S-M04-T-MF01.avi,./data/RAW/MSP-Improv/Audio/session4/S02S/T/MSP-IMPROV-S02S-M04-T-MF01.wav,3.486816666666667,session4,T,dev
MSP-IMPROV-S06S-M04-T-MF01,It has all been scheduled since Wednesday.,S,2.428571,3.392857,0,./data/RAW/MSP-Improv/Video/session4/S06S/T/MSP-IMPROV-S06S-M04-T-MF01.avi,./data/RAW/MSP-Improv/Audio/session4/S06S/T/MSP-IMPROV-S06S-M04-T-MF01.wav,3.4200833333333334,session4,T,dev
MSP-IMPROV-S10H-M01-T-MF01,I don't know how she can miss this opportunity.,H,2.65625,3.8125,1,./data/RAW/MSP-Improv/Video/session1/S10H/T/MSP-IMPROV-S10H-M01-T-MF01.avi,./data/RAW/MSP-Improv/Audio/session1/S10H/T/MSP-IMPROV-S10H-M01-T-MF01.wav,3.25325,session1,T,train
MSP-IMPROV-S11S-M05-T-MF01,It is raining outside.,S,2.75,3.892857,0,./data/RAW/MSP-Improv/Video/session5/S11S/T/MSP-IMPROV-S11S-M05-T-MF01.avi,./data/RAW/MSP-Improv/Audio/session5/S11S/T/MSP-IMPROV-S11S-M05-T-MF01.wav,1.55155,session5,T,train
MSP-IMPROV-S06S-M02-T-MF01,It has all been scheduled since Wednesday.,S,2.692308,4.038462,1,./data/RAW/MSP-Improv/Video/session2/S06S/T/MSP-IMPROV-S06S-M02-T-MF01.avi,./data/RAW/MSP-Improv/Audio/session2/S06S/T/MSP-IMPROV-S06S-M02-T-MF01.wav,3.15315,session2,T,train
MSP-IMPROV-S12S-F02-T-FM01,Her dog is insane.,S,1.9,3.6,1,./data/RAW/MSP-Improv/Video/session2/S12S/T/MSP-IMPROV-S12S-F02-T-FM01.avi,./data/RAW/MSP-Improv/Audio/session2/S12S/T/MSP-IMPROV-S12S-F02-T-FM01.wav,3.1031,session2,T,train
MSP-IMPROV-S08H-F06-T-FM01,A preliminary study shows rats to be more inquisitive than once thought.,H,3.72973,2.972973,0,./data/RAW/MSP-Improv/Video/session6/S08H/T/MSP-IMPROV-S08H-F06-T-FM01.avi,./data/RAW/MSP-Improv/Audio/session6/S08H/T/MSP-IMPROV-S08H-F06-T-FM01.wav,3.9205833333333335,session6,T,dev
MSP-IMPROV-S10S-F05-T-FM01,I don't know how she can miss this opportunity.,S,2.076923,3.769231,1,./data/RAW/MSP-Improv/Video/session5/S10S/T/MSP-IMPROV-S10S-F05-T-FM01.avi,./data/RAW/MSP-Improv/Audio/session5/S10S/T/MSP-IMPROV-S10S-F05-T-FM01.wav,5.989316666666666,session5,T,train
MSP-IMPROV-S11H-F02-T-FM01,It is raining outside.,H,4.115385,3.269231,0,./data/RAW/MSP-Improv/Video/session2/S11H/T/MSP-IMPROV-S11H-F02-T-FM01.avi,./data/RAW/MSP-Improv/Audio/session2/S11H/T/MSP-IMPROV-S11H-F02-T-FM01.wav,2.769433333333333,session2,T,train
MSP-IMPROV-S04S-M05-T-MF01,The floor was completely covered.,S,2.0,3.074074,0,./data/RAW/MSP-Improv/Video/session5/S04S/T/MSP-IMPROV-S04S-M05-T-MF01.avi,./data/RAW/MSP-Improv/Audio/session5/S04S/T/MSP-IMPROV-S04S-M05-T-MF01.wav,2.585916666666667,session5,T,train
MSP-IMPROV-S10A-F02-T-FM01,I don't know how she could miss this opportunity.,A,2.0,3.12,0,./data/RAW/MSP-Improv/Video/session2/S10A/T/MSP-IMPROV-S10A-F02-T-FM01.avi,./data/RAW/MSP-Improv/Audio/session2/S10A/T/MSP-IMPROV-S10A-F02-T-FM01.wav,4.1041,session2,T,train
MSP-IMPROV-S11H-F06-T-FM01,It is raining outside.,H,4.142857,2.857143,0,./data/RAW/MSP-Improv/Video/session6/S11H/T/MSP-IMPROV-S11H-F06-T-FM01.avi,./data/RAW/MSP-Improv/Audio/session6/S11H/T/MSP-IMPROV-S11H-F06-T-FM01.wav,4.087416666666667,session6,T,dev
MSP-IMPROV-S08S-M06-T-MF01,A preliminary study shows rats to be more inquisitive than once thought.,S,2.8125,3.09375,0,./data/RAW/MSP-Improv/Video/session6/S08S/T/MSP-IMPROV-S08S-M06-T-MF01.avi,./data/RAW/MSP-Improv/Audio/session6/S08S/T/MSP-IMPROV-S08S-M06-T-MF01.wav,5.488816666666667,session6,T,dev
MSP-IMPROV-S09A-M03-T-MF01,"That's it, the meeting is finished.",A,2.185185,3.111111,0,./data/RAW/MSP-Improv/Video/session3/S09A/T/MSP-IMPROV-S09A-M03-T-MF01.avi,./data/RAW/MSP-Improv/Audio/session3/S09A/T/MSP-IMPROV-S09A-M03-T-MF01.wav,2.719383333333333,session3,T,train
MSP-IMPROV-S08N-F05-T-FM01,A preliminary study shows rats to be more inquisitive than once thought.,N,3.807692,3.461538,0,./data/RAW/MSP-Improv/Video/session5/S08N/T/MSP-IMPROV-S08N-F05-T-FM01.avi,./data/RAW/MSP-Improv/Audio/session5/S08N/T/MSP-IMPROV-S08N-F05-T-FM01.wav,6.5565500000000005,session5,T,train
MSP-IMPROV-S09H-M04-T-MF01,That's it. The meeting is finished.,H,3.277778,3.555556,0,./data/RAW/MSP-Improv/Video/session4/S09H/T/MSP-IMPROV-S09H-M04-T-MF01.avi,./data/RAW/MSP-Improv/Audio/session4/S09H/T/MSP-IMPROV-S09H-M04-T-MF01.wav,3.15315,session4,T,dev
MSP-IMPROV-S07N-F05-T-FM01,I'm going shopping.,N,2.529412,3.911765,1,./data/RAW/MSP-Improv/Video/session5/S07N/T/MSP-IMPROV-S07N-F05-T-FM01.avi,./data/RAW/MSP-Improv/Audio/session5/S07N/T/MSP-IMPROV-S07N-F05-T-FM01.wav,3.15315,session5,T,train
MSP-IMPROV-S12A-F02-T-FM01,Your dog is insane.,A,1.774194,3.258065,0,./data/RAW/MSP-Improv/Video/session2/S12A/T/MSP-IMPROV-S12A-F02-T-FM01.avi,./data/RAW/MSP-Improv/Audio/session2/S12A/T/MSP-IMPROV-S12A-F02-T-FM01.wav,2.869533333333333,session2,T,train
MSP-IMPROV-S06N-F05-T-FM01,That is all been scheduled since Wednesday.,N,2.875,3.833333,0,./data/RAW/MSP-Improv/Video/session5/S06N/T/MSP-IMPROV-S06N-F05-T-FM01.avi,./data/RAW/MSP-Improv/Audio/session5/S06N/T/MSP-IMPROV-S06N-F05-T-FM01.wav,3.486816666666667,session5,T,train
MSP-IMPROV-S12S-M04-T-MF01,Your dog is insane.,S,2.173913,3.304348,0,./data/RAW/MSP-Improv/Video/session4/S12S/T/MSP-IMPROV-S12S-M04-T-MF01.avi,./data/RAW/MSP-Improv/Audio/session4/S12S/T/MSP-IMPROV-S12S-M04-T-MF01.wav,2.25225,session4,T,dev
MSP-IMPROV-S13A-M02-T-MF01,She told me what you did .,A,1.482759,2.37931,0,./data/RAW/MSP-Improv/Video/session2/S13A/T/MSP-IMPROV-S13A-M02-T-MF01.avi,./data/RAW/MSP-Improv/Audio/session2/S13A/T/MSP-IMPROV-S13A-M02-T-MF01.wav,2.318983333333333,session2,T,train
MSP-IMPROV-S13A-F06-T-FM01,She told me what you did.,A,1.653846,2.884615,0,./data/RAW/MSP-Improv/Video/session6/S13A/T/MSP-IMPROV-S13A-F06-T-FM01.avi,./data/RAW/MSP-Improv/Audio/session6/S13A/T/MSP-IMPROV-S13A-F06-T-FM01.wav,3.6870166666666666,session6,T,dev
MSP-IMPROV-S07H-M02-T-MF01,I am going shopping.,H,3.740741,3.259259,0,./data/RAW/MSP-Improv/Video/session2/S07H/T/MSP-IMPROV-S07H-M02-T-MF01.avi,./data/RAW/MSP-Improv/Audio/session2/S07H/T/MSP-IMPROV-S07H-M02-T-MF01.wav,2.3023,session2,T,train
MSP-IMPROV-S07S-M06-T-MF01,I am going shopping.,S,3.148148,3.814815,0,./data/RAW/MSP-Improv/Video/session6/S07S/T/MSP-IMPROV-S07S-M06-T-MF01.avi,./data/RAW/MSP-Improv/Audio/session6/S07S/T/MSP-IMPROV-S07S-M06-T-MF01.wav,2.85285,session6,T,dev
MSP-IMPROV-S03A-M03-T-MF01,Ella Jorgenson made the pudding.,A,3.166667,3.583333,0,./data/RAW/MSP-Improv/Video/session3/S03A/T/MSP-IMPROV-S03A-M03-T-MF01.avi,./data/RAW/MSP-Improv/Audio/session3/S03A/T/MSP-IMPROV-S03A-M03-T-MF01.wav,2.7527500000000003,session3,T,train
MSP-IMPROV-S13N-M05-T-MF01,She told me what you did.,N,2.606061,3.69697,1,./data/RAW/MSP-Improv/Video/session5/S13N/T/MSP-IMPROV-S13N-M05-T-MF01.avi,./data/RAW/MSP-Improv/Audio/session5/S13N/T/MSP-IMPROV-S13N-M05-T-MF01.wav,1.15115,session5,T,train
MSP-IMPROV-S06H-F02-T-FM01,It is all been scheduled since Wednesday.,H,3.714286,3.52381,0,./data/RAW/MSP-Improv/Video/session2/S06H/T/MSP-IMPROV-S06H-F02-T-FM01.avi,./data/RAW/MSP-Improv/Audio/session2/S06H/T/MSP-IMPROV-S06H-F02-T-FM01.wav,2.9696333333333333,session2,T,train
MSP-IMPROV-S08N-M03-T-MF01,A preliminary study shows rats to be more inquisitive than one thought.,N,2.969697,3.909091,0,./data/RAW/MSP-Improv/Video/session3/S08N/T/MSP-IMPROV-S08N-M03-T-MF01.avi,./data/RAW/MSP-Improv/Audio/session3/S08N/T/MSP-IMPROV-S08N-M03-T-MF01.wav,4.971633333333333,session3,T,train
MSP-IMPROV-S05N-F04-T-FM01,If they're just going to go ahead regardless.,N,2.65625,3.8125,1,./data/RAW/MSP-Improv/Video/session4/S05N/T/MSP-IMPROV-S05N-F04-T-FM01.avi,./data/RAW/MSP-Improv/Audio/session4/S05N/T/MSP-IMPROV-S05N-F04-T-FM01.wav,2.3857166666666667,session4,T,dev
MSP-IMPROV-S09N-F05-T-FM01,That's it. The meeting is finished.,N,3.076923,4.038462,0,./data/RAW/MSP-Improv/Video/session5/S09N/T/MSP-IMPROV-S09N-F05-T-FM01.avi,./data/RAW/MSP-Improv/Audio/session5/S09N/T/MSP-IMPROV-S09N-F05-T-FM01.wav,3.4200833333333334,session5,T,train
MSP-IMPROV-S06A-F01-T-FM01,It has all been scheduled since Wednesday-,A,2.032258,2.741935,0,./data/RAW/MSP-Improv/Video/session1/S06A/T/MSP-IMPROV-S06A-F01-T-FM01.avi,./data/RAW/MSP-Improv/Audio/session1/S06A/T/MSP-IMPROV-S06A-F01-T-FM01.wav,2.25225,session1,T,train
MSP-IMPROV-S09H-F03-T-FM01,"That's it, the meeting is finished.",H,4.357143,2.892857,0,./data/RAW/MSP-Improv/Video/session3/S09H/T/MSP-IMPROV-S09H-F03-T-FM01.avi,./data/RAW/MSP-Improv/Audio/session3/S09H/T/MSP-IMPROV-S09H-F03-T-FM01.wav,3.0864166666666666,session3,T,train
MSP-IMPROV-S06N-M03-T-MF01,It has all been scheduled since Wednesday.,N,2.96,3.64,0,./data/RAW/MSP-Improv/Video/session3/S06N/T/MSP-IMPROV-S06N-M03-T-MF01.avi,./data/RAW/MSP-Improv/Audio/session3/S06N/T/MSP-IMPROV-S06N-M03-T-MF01.wav,2.769433333333333,session3,T,train
MSP-IMPROV-S04S-F06-T-FM01,The floor was completely covered.,S,1.677419,3.322581,0,./data/RAW/MSP-Improv/Video/session6/S04S/T/MSP-IMPROV-S04S-F06-T-FM01.avi,./data/RAW/MSP-Improv/Audio/session6/S04S/T/MSP-IMPROV-S04S-F06-T-FM01.wav,3.1197833333333334,session6,T,dev
MSP-IMPROV-S01N-F04-T-FM01,How can I not?,N,3.307692,3.346154,0,./data/RAW/MSP-Improv/Video/session4/S01N/T/MSP-IMPROV-S01N-F04-T-FM01.avi,./data/RAW/MSP-Improv/Audio/session4/S01N/T/MSP-IMPROV-S01N-F04-T-FM01.wav,1.2178833333333334,session4,T,dev
MSP-IMPROV-S14N-M06-T-MF01,Your grandmother is on the phone.,N,3.151515,3.848485,0,./data/RAW/MSP-Improv/Video/session6/S14N/T/MSP-IMPROV-S14N-M06-T-MF01.avi,./data/RAW/MSP-Improv/Audio/session6/S14N/T/MSP-IMPROV-S14N-M06-T-MF01.wav,1.85185,session6,T,dev
MSP-IMPROV-S03S-F03-T-FM01,Ella Jorgensen made the pudding.,S,2.0,3.555556,1,./data/RAW/MSP-Improv/Video/session3/S03S/T/MSP-IMPROV-S03S-F03-T-FM01.avi,./data/RAW/MSP-Improv/Audio/session3/S03S/T/MSP-IMPROV-S03S-F03-T-FM01.wav,3.6202833333333335,session3,T,train
MSP-IMPROV-S08S-F03-T-FM01,A preliminary study shows rest to be more inquisitive than once thought.,S,2.423077,3.192308,0,./data/RAW/MSP-Improv/Video/session3/S08S/T/MSP-IMPROV-S08S-F03-T-FM01.avi,./data/RAW/MSP-Improv/Audio/session3/S08S/T/MSP-IMPROV-S08S-F03-T-FM01.wav,5.021683333333334,session3,T,train
MSP-IMPROV-S12H-F05-T-FM01,Your dad is in pain.,H,3.806452,1.903226,0,./data/RAW/MSP-Improv/Video/session5/S12H/T/MSP-IMPROV-S12H-F05-T-FM01.avi,./data/RAW/MSP-Improv/Audio/session5/S12H/T/MSP-IMPROV-S12H-F05-T-FM01.wav,3.15315,session5,T,train
MSP-IMPROV-S09N-F02-T-FM01,That's it. The meeting is finished.,N,2.586207,3.862069,1,./data/RAW/MSP-Improv/Video/session2/S09N/T/MSP-IMPROV-S09N-F02-T-FM01.avi,./data/RAW/MSP-Improv/Audio/session2/S09N/T/MSP-IMPROV-S09N-F02-T-FM01.wav,3.2032000000000003,session2,T,train
MSP-IMPROV-S12H-F02-T-FM01,Your dog is insane.,H,3.884615,2.846154,0,./data/RAW/MSP-Improv/Video/session2/S12H/T/MSP-IMPROV-S12H-F02-T-FM01.avi,./data/RAW/MSP-Improv/Audio/session2/S12H/T/MSP-IMPROV-S12H-F02-T-FM01.wav,3.2365666666666666,session2,T,train
MSP-IMPROV-S13A-F05-T-FM01,She told me what you did.,A,1.433333,2.266667,0,./data/RAW/MSP-Improv/Video/session5/S13A/T/MSP-IMPROV-S13A-F05-T-FM01.avi,./data/RAW/MSP-Improv/Audio/session5/S13A/T/MSP-IMPROV-S13A-F05-T-FM01.wav,2.05205,session5,T,train
MSP-IMPROV-S01S-M01-T-MF01,How can I not-,S,2.205882,3.470588,1,./data/RAW/MSP-Improv/Video/session1/S01S/T/MSP-IMPROV-S01S-M01-T-MF01.avi,./data/RAW/MSP-Improv/Audio/session1/S01S/T/MSP-IMPROV-S01S-M01-T-MF01.wav,1.3179833333333333,session1,T,train
MSP-IMPROV-S08N-M01-T-MF01,A preliminary study shows rats to be more inquisitive than once thought.,N,2.962963,3.740741,0,./data/RAW/MSP-Improv/Video/session1/S08N/T/MSP-IMPROV-S08N-M01-T-MF01.avi,./data/RAW/MSP-Improv/Audio/session1/S08N/T/MSP-IMPROV-S08N-M01-T-MF01.wav,3.2866166666666667,session1,T,train
MSP-IMPROV-S03S-M03-T-MF02,Alice Dawkins from maple pudding.,S,2.730769,4.038462,0,./data/RAW/MSP-Improv/Video/session3/S03S/T/MSP-IMPROV-S03S-M03-T-MF02.avi,./data/RAW/MSP-Improv/Audio/session3/S03S/T/MSP-IMPROV-S03S-M03-T-MF02.wav,3.4200833333333334,session3,T,train
MSP-IMPROV-S13N-F02-T-FM01,She told me what you did.,N,2.567568,3.675676,1,./data/RAW/MSP-Improv/Video/session2/S13N/T/MSP-IMPROV-S13N-F02-T-FM01.avi,./data/RAW/MSP-Improv/Audio/session2/S13N/T/MSP-IMPROV-S13N-F02-T-FM01.wav,1.6016,session2,T,train
MSP-IMPROV-S15N-M04-T-MF01,Only I joined her in the ceremony.,N,3.444444,3.333333,0,./data/RAW/MSP-Improv/Video/session4/S15N/T/MSP-IMPROV-S15N-M04-T-MF01.avi,./data/RAW/MSP-Improv/Audio/session4/S15N/T/MSP-IMPROV-S15N-M04-T-MF01.wav,2.65265,session4,T,dev
MSP-IMPROV-S01N-M06-T-MF01,How can I not .,N,2.909091,3.727273,0,./data/RAW/MSP-Improv/Video/session6/S01N/T/MSP-IMPROV-S01N-M06-T-MF01.avi,./data/RAW/MSP-Improv/Audio/session6/S01N/T/MSP-IMPROV-S01N-M06-T-MF01.wav,2.1855166666666666,session6,T,dev
MSP-IMPROV-S01S-M04-T-MF01,How can I not?,S,2.193548,3.290323,0,./data/RAW/MSP-Improv/Video/session4/S01S/T/MSP-IMPROV-S01S-M04-T-MF01.avi,./data/RAW/MSP-Improv/Audio/session4/S01S/T/MSP-IMPROV-S01S-M04-T-MF01.wav,1.7183833333333334,session4,T,dev
MSP-IMPROV-S06A-M06-T-MF01,It has all been scheduled since Wednesday.,A,2.041667,2.375,0,./data/RAW/MSP-Improv/Video/session6/S06A/T/MSP-IMPROV-S06A-M06-T-MF01.avi,./data/RAW/MSP-Improv/Audio/session6/S06A/T/MSP-IMPROV-S06A-M06-T-MF01.wav,4.988316666666667,session6,T,dev
MSP-IMPROV-S01A-M05-T-MF01,How can I not?,A,3.575758,3.151515,0,./data/RAW/MSP-Improv/Video/session5/S01A/T/MSP-IMPROV-S01A-M05-T-MF01.avi,./data/RAW/MSP-Improv/Audio/session5/S01A/T/MSP-IMPROV-S01A-M05-T-MF01.wav,1.85185,session5,T,train
MSP-IMPROV-S01N-F02-T-FM01,How can I not?,N,2.702703,3.783784,0,./data/RAW/MSP-Improv/Video/session2/S01N/T/MSP-IMPROV-S01N-F02-T-FM01.avi,./data/RAW/MSP-Improv/Audio/session2/S01N/T/MSP-IMPROV-S01N-F02-T-FM01.wav,1.55155,session2,T,train
MSP-IMPROV-S14N-M05-T-MF01,Your grandmother's on the phone.,N,3.225806,3.774194,0,./data/RAW/MSP-Improv/Video/session5/S14N/T/MSP-IMPROV-S14N-M05-T-MF01.avi,./data/RAW/MSP-Improv/Audio/session5/S14N/T/MSP-IMPROV-S14N-M05-T-MF01.wav,1.85185,session5,T,train
MSP-IMPROV-S14H-F04-T-FM01,Your grandmother is on the phone.,H,4.5,3.0,0,./data/RAW/MSP-Improv/Video/session4/S14H/T/MSP-IMPROV-S14H-F04-T-FM01.avi,./data/RAW/MSP-Improv/Audio/session4/S14H/T/MSP-IMPROV-S14H-F04-T-FM01.wav,1.8018,session4,T,dev
MSP-IMPROV-S10A-F04-T-FM01,I don't know how she can miss this opportunity.,A,2.35,3.2,0,./data/RAW/MSP-Improv/Video/session4/S10A/T/MSP-IMPROV-S10A-F04-T-FM01.avi,./data/RAW/MSP-Improv/Audio/session4/S10A/T/MSP-IMPROV-S10A-F04-T-FM01.wav,2.65265,session4,T,dev
MSP-IMPROV-S14A-F05-T-FM01,Your grandmother is on the phone.,A,1.8125,2.59375,0,./data/RAW/MSP-Improv/Video/session5/S14A/T/MSP-IMPROV-S14A-F05-T-FM01.avi,./data/RAW/MSP-Improv/Audio/session5/S14A/T/MSP-IMPROV-S14A-F05-T-FM01.wav,3.1197833333333334,session5,T,train
MSP-IMPROV-S06S-M06-T-MF01,It has all been scheduled since Wednesday.,S,2.703704,3.592593,0,./data/RAW/MSP-Improv/Video/session6/S06S/T/MSP-IMPROV-S06S-M06-T-MF01.avi,./data/RAW/MSP-Improv/Audio/session6/S06S/T/MSP-IMPROV-S06S-M06-T-MF01.wav,3.55355,session6,T,dev
MSP-IMPROV-S05A-M05-T-MF01,They're just going to go ahead regardless.,A,2.233333,2.733333,0,./data/RAW/MSP-Improv/Video/session5/S05A/T/MSP-IMPROV-S05A-M05-T-MF01.avi,./data/RAW/MSP-Improv/Audio/session5/S05A/T/MSP-IMPROV-S05A-M05-T-MF01.wav,3.65365,session5,T,train
MSP-IMPROV-S01H-F04-T-FM01,How can I not.,H,4.4,3.166667,0,./data/RAW/MSP-Improv/Video/session4/S01H/T/MSP-IMPROV-S01H-F04-T-FM01.avi,./data/RAW/MSP-Improv/Audio/session4/S01H/T/MSP-IMPROV-S01H-F04-T-FM01.wav,2.35235,session4,T,dev
MSP-IMPROV-S06H-M04-T-MF01,It has all been scheduled since Wednesday.,H,4.083333,3.541667,0,./data/RAW/MSP-Improv/Video/session4/S06H/T/MSP-IMPROV-S06H-M04-T-MF01.avi,./data/RAW/MSP-Improv/Audio/session4/S06H/T/MSP-IMPROV-S06H-M04-T-MF01.wav,2.4858166666666666,session4,T,dev
MSP-IMPROV-S05H-M05-T-MF01,They're just going to go ahead regardless.,H,3.375,3.333333,0,./data/RAW/MSP-Improv/Video/session5/S05H/T/MSP-IMPROV-S05H-M05-T-MF01.avi,./data/RAW/MSP-Improv/Audio/session5/S05H/T/MSP-IMPROV-S05H-M05-T-MF01.wav,3.219883333333333,session5,T,train
MSP-IMPROV-S04S-F03-T-FM01,The floor was completely covered. .,S,1.884615,3.384615,0,./data/RAW/MSP-Improv/Video/session3/S04S/T/MSP-IMPROV-S04S-F03-T-FM01.avi,./data/RAW/MSP-Improv/Audio/session3/S04S/T/MSP-IMPROV-S04S-F03-T-FM01.wav,3.0864166666666666,session3,T,train
MSP-IMPROV-S10S-F02-T-FM01,I don't know how she could miss this opportunity.,S,2.16,3.56,1,./data/RAW/MSP-Improv/Video/session2/S10S/T/MSP-IMPROV-S10S-F02-T-FM01.avi,./data/RAW/MSP-Improv/Audio/session2/S10S/T/MSP-IMPROV-S10S-F02-T-FM01.wav,3.2032000000000003,session2,T,train
MSP-IMPROV-S08N-M06-T-MF01,A preliminary study shows rats to be more inquisitive than once thought.,N,4.111111,3.037037,0,./data/RAW/MSP-Improv/Video/session6/S08N/T/MSP-IMPROV-S08N-M06-T-MF01.avi,./data/RAW/MSP-Improv/Audio/session6/S08N/T/MSP-IMPROV-S08N-M06-T-MF01.wav,4.85485,session6,T,dev
MSP-IMPROV-S03H-F04-T-FM01,Ella Jorgensen made the pudding.,H,4.206897,3.689655,0,./data/RAW/MSP-Improv/Video/session4/S03H/T/MSP-IMPROV-S03H-F04-T-FM01.avi,./data/RAW/MSP-Improv/Audio/session4/S03H/T/MSP-IMPROV-S03H-F04-T-FM01.wav,1.85185,session4,T,dev
MSP-IMPROV-S14A-F02-T-FM01,Your grandmother is on the phone.,A,1.62963,2.851852,0,./data/RAW/MSP-Improv/Video/session2/S14A/T/MSP-IMPROV-S14A-F02-T-FM01.avi,./data/RAW/MSP-Improv/Audio/session2/S14A/T/MSP-IMPROV-S14A-F02-T-FM01.wav,3.036366666666667,session2,T,train
MSP-IMPROV-S10H-M03-T-MF01,I don't know how she could miss this opportunity.,H,3.259259,3.444444,0,./data/RAW/MSP-Improv/Video/session3/S10H/T/MSP-IMPROV-S10H-M03-T-MF01.avi,./data/RAW/MSP-Improv/Audio/session3/S10H/T/MSP-IMPROV-S10H-M03-T-MF01.wav,2.769433333333333,session3,T,train
MSP-IMPROV-S04H-F04-T-FM01,The fourth completely covered.,H,4.172414,3.068966,0,./data/RAW/MSP-Improv/Video/session4/S04H/T/MSP-IMPROV-S04H-F04-T-FM01.avi,./data/RAW/MSP-Improv/Audio/session4/S04H/T/MSP-IMPROV-S04H-F04-T-FM01.wav,2.118783333333333,session4,T,dev
MSP-IMPROV-S09N-F04-T-FM01,"That's it, the meeting is finished.",N,2.962963,3.666667,0,./data/RAW/MSP-Improv/Video/session4/S09N/T/MSP-IMPROV-S09N-F04-T-FM01.avi,./data/RAW/MSP-Improv/Audio/session4/S09N/T/MSP-IMPROV-S09N-F04-T-FM01.wav,1.8852166666666668,session4,T,dev
MSP-IMPROV-S09S-F04-T-FM01,That's it. The meeting is finished.,S,1.903226,3.774194,1,./data/RAW/MSP-Improv/Video/session4/S09S/T/MSP-IMPROV-S09S-F04-T-FM01.avi,./data/RAW/MSP-Improv/Audio/session4/S09S/T/MSP-IMPROV-S09S-F04-T-FM01.wav,2.585916666666667,session4,T,dev
MSP-IMPROV-S12A-M06-T-MF01,Your dog is insane.,A,1.653846,2.230769,0,./data/RAW/MSP-Improv/Video/session6/S12A/T/MSP-IMPROV-S12A-M06-T-MF01.avi,./data/RAW/MSP-Improv/Audio/session6/S12A/T/MSP-IMPROV-S12A-M06-T-MF01.wav,3.2866166666666667,session6,T,dev
MSP-IMPROV-S15N-M05-T-MF01,Only I joined her in the ceremony.,N,2.939394,3.666667,0,./data/RAW/MSP-Improv/Video/session5/S15N/T/MSP-IMPROV-S15N-M05-T-MF01.avi,./data/RAW/MSP-Improv/Audio/session5/S15N/T/MSP-IMPROV-S15N-M05-T-MF01.wav,2.419083333333333,session5,T,train
MSP-IMPROV-S07A-M04-T-MF01,I am going shopping.,A,2.15625,2.71875,0,./data/RAW/MSP-Improv/Video/session4/S07A/T/MSP-IMPROV-S07A-M04-T-MF01.avi,./data/RAW/MSP-Improv/Audio/session4/S07A/T/MSP-IMPROV-S07A-M04-T-MF01.wav,1.7183833333333334,session4,T,dev
MSP-IMPROV-S08H-M05-T-MF01,A preliminary study shows Watson to be more inquisitive than once thought.,H,3.419355,2.677419,0,./data/RAW/MSP-Improv/Video/session5/S08H/T/MSP-IMPROV-S08H-M05-T-MF01.avi,./data/RAW/MSP-Improv/Audio/session5/S08H/T/MSP-IMPROV-S08H-M05-T-MF01.wav,2.919583333333333,session5,T,train
MSP-IMPROV-S04H-F02-T-FM01,The floor was completely covered.,H,4.04,2.88,0,./data/RAW/MSP-Improv/Video/session2/S04H/T/MSP-IMPROV-S04H-F02-T-FM01.avi,./data/RAW/MSP-Improv/Audio/session2/S04H/T/MSP-IMPROV-S04H-F02-T-FM01.wav,4.1041,session2,T,train
MSP-IMPROV-S15A-F06-T-FM01,Only I joined her in the ceremony.,A,2.448276,3.344828,0,./data/RAW/MSP-Improv/Video/session6/S15A/T/MSP-IMPROV-S15A-F06-T-FM01.avi,./data/RAW/MSP-Improv/Audio/session6/S15A/T/MSP-IMPROV-S15A-F06-T-FM01.wav,4.25425,session6,T,dev
MSP-IMPROV-S05H-M06-T-MF01,They are just going to go ahead regardless.,H,2.806452,3.354839,0,./data/RAW/MSP-Improv/Video/session6/S05H/T/MSP-IMPROV-S05H-M06-T-MF01.avi,./data/RAW/MSP-Improv/Audio/session6/S05H/T/MSP-IMPROV-S05H-M06-T-MF01.wav,2.5191833333333333,session6,T,dev
MSP-IMPROV-S13S-F04-T-FM01,She told me what you did.,S,1.884615,3.615385,1,./data/RAW/MSP-Improv/Video/session4/S13S/T/MSP-IMPROV-S13S-F04-T-FM01.avi,./data/RAW/MSP-Improv/Audio/session4/S13S/T/MSP-IMPROV-S13S-F04-T-FM01.wav,1.5348666666666666,session4,T,dev
MSP-IMPROV-S02S-M03-T-MF02,I'm quite sure that we will find some way or another.,S,3.103448,3.827586,0,./data/RAW/MSP-Improv/Video/session3/S02S/T/MSP-IMPROV-S02S-M03-T-MF02.avi,./data/RAW/MSP-Improv/Audio/session3/S02S/T/MSP-IMPROV-S02S-M03-T-MF02.wav,3.8872166666666663,session3,T,train
MSP-IMPROV-S11N-M05-T-MF01,It's raining outside.,N,3.030303,3.878788,0,./data/RAW/MSP-Improv/Video/session5/S11N/T/MSP-IMPROV-S11N-M05-T-MF01.avi,./data/RAW/MSP-Improv/Audio/session5/S11N/T/MSP-IMPROV-S11N-M05-T-MF01.wav,1.7183833333333334,session5,T,train
MSP-IMPROV-S09N-M02-T-MF01,That's it. The meeting's finished. .,N,2.846154,3.615385,0,./data/RAW/MSP-Improv/Video/session2/S09N/T/MSP-IMPROV-S09N-M02-T-MF01.avi,./data/RAW/MSP-Improv/Audio/session2/S09N/T/MSP-IMPROV-S09N-M02-T-MF01.wav,2.9029000000000003,session2,T,train
MSP-IMPROV-S09S-F05-T-FM01,That's it. The meeting is finished.,S,2.0,3.7,1,./data/RAW/MSP-Improv/Video/session5/S09S/T/MSP-IMPROV-S09S-F05-T-FM01.avi,./data/RAW/MSP-Improv/Audio/session5/S09S/T/MSP-IMPROV-S09S-F05-T-FM01.wav,4.55455,session5,T,train
MSP-IMPROV-S07H-M06-T-MF01,I am going shopping.,H,4.684211,2.631579,0,./data/RAW/MSP-Improv/Video/session6/S07H/T/MSP-IMPROV-S07H-M06-T-MF01.avi,./data/RAW/MSP-Improv/Audio/session6/S07H/T/MSP-IMPROV-S07H-M06-T-MF01.wav,2.8028,session6,T,dev
MSP-IMPROV-S07S-F03-T-FM01,I'm going shopping.,S,2.111111,3.481481,1,./data/RAW/MSP-Improv/Video/session3/S07S/T/MSP-IMPROV-S07S-F03-T-FM01.avi,./data/RAW/MSP-Improv/Audio/session3/S07S/T/MSP-IMPROV-S07S-F03-T-FM01.wav,2.719383333333333,session3,T,train
MSP-IMPROV-S03N-F01-T-FM01,Ella Jorgensen made the pudding.Oh. Yeah.,N,3.088235,3.794118,0,./data/RAW/MSP-Improv/Video/session1/S03N/T/MSP-IMPROV-S03N-F01-T-FM01.avi,./data/RAW/MSP-Improv/Audio/session1/S03N/T/MSP-IMPROV-S03N-F01-T-FM01.wav,2.318983333333333,session1,T,train
MSP-IMPROV-S06H-M02-T-MF01,It is all been scheduled since Wednesday.,H,3.857143,3.892857,0,./data/RAW/MSP-Improv/Video/session2/S06H/T/MSP-IMPROV-S06H-M02-T-MF01.avi,./data/RAW/MSP-Improv/Audio/session2/S06H/T/MSP-IMPROV-S06H-M02-T-MF01.wav,2.6026,session2,T,train
MSP-IMPROV-S07A-M02-T-MF01,I am going shopping.,A,2.615385,3.692308,1,./data/RAW/MSP-Improv/Video/session2/S07A/T/MSP-IMPROV-S07A-M02-T-MF01.avi,./data/RAW/MSP-Improv/Audio/session2/S07A/T/MSP-IMPROV-S07A-M02-T-MF01.wav,2.886216666666667,session2,T,train
MSP-IMPROV-S02A-F04-T-FM01,I'm quite sure that we will find some way or another.,A,3.258065,3.354839,0,./data/RAW/MSP-Improv/Video/session4/S02A/T/MSP-IMPROV-S02A-F04-T-FM01.avi,./data/RAW/MSP-Improv/Audio/session4/S02A/T/MSP-IMPROV-S02A-F04-T-FM01.wav,4.120783333333334,session4,T,dev
MSP-IMPROV-S05S-M06-T-MF01,They're just going to go ahead regardless.,S,1.862069,3.482759,1,./data/RAW/MSP-Improv/Video/session6/S05S/T/MSP-IMPROV-S05S-M06-T-MF01.avi,./data/RAW/MSP-Improv/Audio/session6/S05S/T/MSP-IMPROV-S05S-M06-T-MF01.wav,4.25425,session6,T,dev
MSP-IMPROV-S02H-F03-T-FM01,I'm quite sure that we will find some way or another.,H,2.962963,3.037037,0,./data/RAW/MSP-Improv/Video/session3/S02H/T/MSP-IMPROV-S02H-F03-T-FM01.avi,./data/RAW/MSP-Improv/Audio/session3/S02H/T/MSP-IMPROV-S02H-F03-T-FM01.wav,3.6202833333333335,session3,T,train
MSP-IMPROV-S04S-F02-T-FM01,The floor was completely covered.,S,2.37037,3.851852,1,./data/RAW/MSP-Improv/Video/session2/S04S/T/MSP-IMPROV-S04S-F02-T-FM01.avi,./data/RAW/MSP-Improv/Audio/session2/S04S/T/MSP-IMPROV-S04S-F02-T-FM01.wav,2.619283333333333,session2,T,train
MSP-IMPROV-S05S-M01-T-MF01,They're just going to go ahead regardless.,S,2.318182,3.818182,1,./data/RAW/MSP-Improv/Video/session1/S05S/T/MSP-IMPROV-S05S-M01-T-MF01.avi,./data/RAW/MSP-Improv/Audio/session1/S05S/T/MSP-IMPROV-S05S-M01-T-MF01.wav,3.3533500000000003,session1,T,train
MSP-IMPROV-S04S-M03-T-MF01,The floor was completely covered and.,S,2.703704,4.074074,0,./data/RAW/MSP-Improv/Video/session3/S04S/T/MSP-IMPROV-S04S-M03-T-MF01.avi,./data/RAW/MSP-Improv/Audio/session3/S04S/T/MSP-IMPROV-S04S-M03-T-MF01.wav,3.4200833333333334,session3,T,train
MSP-IMPROV-S02H-F01-T-FM01,I'm quite sure that we will find some way or another.,H,3.685714,3.428571,0,./data/RAW/MSP-Improv/Video/session1/S02H/T/MSP-IMPROV-S02H-F01-T-FM01.avi,./data/RAW/MSP-Improv/Audio/session1/S02H/T/MSP-IMPROV-S02H-F01-T-FM01.wav,2.9863166666666667,session1,T,train
MSP-IMPROV-S07S-F05-T-FM01,"Hi, I am going shopping.",S,2.083333,3.791667,1,./data/RAW/MSP-Improv/Video/session5/S07S/T/MSP-IMPROV-S07S-F05-T-FM01.avi,./data/RAW/MSP-Improv/Audio/session5/S07S/T/MSP-IMPROV-S07S-F05-T-FM01.wav,3.6202833333333335,session5,T,train
MSP-IMPROV-S10N-M01-T-MF01,I don't know how she can miss this opportunity.Weird.,N,2.32,3.52,1,./data/RAW/MSP-Improv/Video/session1/S10N/T/MSP-IMPROV-S10N-M01-T-MF01.avi,./data/RAW/MSP-Improv/Audio/session1/S10N/T/MSP-IMPROV-S10N-M01-T-MF01.wav,3.15315,session1,T,train
MSP-IMPROV-S06N-M06-T-MF01,It has all been scheduled since Wednesday.,N,2.769231,3.346154,0,./data/RAW/MSP-Improv/Video/session6/S06N/T/MSP-IMPROV-S06N-M06-T-MF01.avi,./data/RAW/MSP-Improv/Audio/session6/S06N/T/MSP-IMPROV-S06N-M06-T-MF01.wav,1.9853166666666664,session6,T,dev
MSP-IMPROV-S15A-F02-T-FM01,Only I joined her in the ceremony .,A,2.125,3.1875,0,./data/RAW/MSP-Improv/Video/session2/S15A/T/MSP-IMPROV-S15A-F02-T-FM01.avi,./data/RAW/MSP-Improv/Audio/session2/S15A/T/MSP-IMPROV-S15A-F02-T-FM01.wav,3.5702333333333334,session2,T,train
MSP-IMPROV-S01N-F03-T-FM01,And how can I not .,N,2.5,3.409091,1,./data/RAW/MSP-Improv/Video/session3/S01N/T/MSP-IMPROV-S01N-F03-T-FM01.avi,./data/RAW/MSP-Improv/Audio/session3/S01N/T/MSP-IMPROV-S01N-F03-T-FM01.wav,2.285616666666667,session3,T,train
MSP-IMPROV-S11H-F04-T-FM01,It is raining outside.,H,3.615385,3.115385,0,./data/RAW/MSP-Improv/Video/session4/S11H/T/MSP-IMPROV-S11H-F04-T-FM01.avi,./data/RAW/MSP-Improv/Audio/session4/S11H/T/MSP-IMPROV-S11H-F04-T-FM01.wav,1.2012,session4,T,dev
MSP-IMPROV-S08S-M02-T-MF01,A preliminary study shows rats to be more inquisitive than once thought.,S,2.764706,3.941176,0,./data/RAW/MSP-Improv/Video/session2/S08S/T/MSP-IMPROV-S08S-M02-T-MF01.avi,./data/RAW/MSP-Improv/Audio/session2/S08S/T/MSP-IMPROV-S08S-M02-T-MF01.wav,4.537866666666667,session2,T,train
MSP-IMPROV-S05A-F01-T-FM01,They are just going to go ahead regardless.,A,1.777778,3.0,0,./data/RAW/MSP-Improv/Video/session1/S05A/T/MSP-IMPROV-S05A-F01-T-FM01.avi,./data/RAW/MSP-Improv/Audio/session1/S05A/T/MSP-IMPROV-S05A-F01-T-FM01.wav,2.0854166666666667,session1,T,train
MSP-IMPROV-S05A-F02-T-FM01,They're just going to go ahead regardless.,A,2.411765,3.529412,1,./data/RAW/MSP-Improv/Video/session2/S05A/T/MSP-IMPROV-S05A-F02-T-FM01.avi,./data/RAW/MSP-Improv/Audio/session2/S05A/T/MSP-IMPROV-S05A-F02-T-FM01.wav,2.719383333333333,session2,T,train
MSP-IMPROV-S02S-F03-T-FM01,I'm quite sure that we'll find somewhere or another .,S,2.035714,3.321429,0,./data/RAW/MSP-Improv/Video/session3/S02S/T/MSP-IMPROV-S02S-F03-T-FM01.avi,./data/RAW/MSP-Improv/Audio/session3/S02S/T/MSP-IMPROV-S02S-F03-T-FM01.wav,4.220883333333333,session3,T,train
MSP-IMPROV-S04N-M05-T-MF01,The floor was completely covered.,N,2.83871,3.903226,0,./data/RAW/MSP-Improv/Video/session5/S04N/T/MSP-IMPROV-S04N-M05-T-MF01.avi,./data/RAW/MSP-Improv/Audio/session5/S04N/T/MSP-IMPROV-S04N-M05-T-MF01.wav,1.95195,session5,T,train
MSP-IMPROV-S05N-F05-T-FM01,They're just going to go ahead regardless.,N,2.676471,3.558824,1,./data/RAW/MSP-Improv/Video/session5/S05N/T/MSP-IMPROV-S05N-F05-T-FM01.avi,./data/RAW/MSP-Improv/Audio/session5/S05N/T/MSP-IMPROV-S05N-F05-T-FM01.wav,4.020683333333333,session5,T,train
MSP-IMPROV-S09H-F05-T-FM01,That's it. The meeting is finished.,H,3.55,2.65,0,./data/RAW/MSP-Improv/Video/session5/S09H/T/MSP-IMPROV-S09H-F05-T-FM01.avi,./data/RAW/MSP-Improv/Audio/session5/S09H/T/MSP-IMPROV-S09H-F05-T-FM01.wav,3.219883333333333,session5,T,train
MSP-IMPROV-S04A-F03-T-FM01,The floor was completely covered.,A,1.892857,3.142857,0,./data/RAW/MSP-Improv/Video/session3/S04A/T/MSP-IMPROV-S04A-F03-T-FM01.avi,./data/RAW/MSP-Improv/Audio/session3/S04A/T/MSP-IMPROV-S04A-F03-T-FM01.wav,3.219883333333333,session3,T,train
MSP-IMPROV-S10S-M02-T-MF01,I don't know how she can miss this opportunity,S,2.375,3.6875,1,./data/RAW/MSP-Improv/Video/session2/S10S/T/MSP-IMPROV-S10S-M02-T-MF01.avi,./data/RAW/MSP-Improv/Audio/session2/S10S/T/MSP-IMPROV-S10S-M02-T-MF01.wav,3.4034,session2,T,train
MSP-IMPROV-S05H-M04-T-MF01,They're just going to go ahead regardless.,H,2.62069,3.517241,1,./data/RAW/MSP-Improv/Video/session4/S05H/T/MSP-IMPROV-S05H-M04-T-MF01.avi,./data/RAW/MSP-Improv/Audio/session4/S05H/T/MSP-IMPROV-S05H-M04-T-MF01.wav,3.186516666666667,session4,T,dev
MSP-IMPROV-S07A-F03-T-FM01,I am going shopping .,A,2.037037,2.888889,0,./data/RAW/MSP-Improv/Video/session3/S07A/T/MSP-IMPROV-S07A-F03-T-FM01.avi,./data/RAW/MSP-Improv/Audio/session3/S07A/T/MSP-IMPROV-S07A-F03-T-FM01.wav,2.6860166666666667,session3,T,train
MSP-IMPROV-S05H-F06-T-FM01,They're just going to go ahead regardless.,H,2.678571,3.357143,0,./data/RAW/MSP-Improv/Video/session6/S05H/T/MSP-IMPROV-S05H-F06-T-FM01.avi,./data/RAW/MSP-Improv/Audio/session6/S05H/T/MSP-IMPROV-S05H-F06-T-FM01.wav,2.318983333333333,session6,T,dev
MSP-IMPROV-S15H-M04-T-MF01,Only I joined her in the ceremony.,H,3.2,3.166667,0,./data/RAW/MSP-Improv/Video/session4/S15H/T/MSP-IMPROV-S15H-M04-T-MF01.avi,./data/RAW/MSP-Improv/Audio/session4/S15H/T/MSP-IMPROV-S15H-M04-T-MF01.wav,2.85285,session4,T,dev
MSP-IMPROV-S09A-F01-T-FM01,That's it. The meeting is finished.,A,1.884615,2.461538,0,./data/RAW/MSP-Improv/Video/session1/S09A/T/MSP-IMPROV-S09A-F01-T-FM01.avi,./data/RAW/MSP-Improv/Audio/session1/S09A/T/MSP-IMPROV-S09A-F01-T-FM01.wav,2.585916666666667,session1,T,train
MSP-IMPROV-S01H-M02-T-MF01,How can I not?,H,3.958333,3.041667,0,./data/RAW/MSP-Improv/Video/session2/S01H/T/MSP-IMPROV-S01H-M02-T-MF01.avi,./data/RAW/MSP-Improv/Audio/session2/S01H/T/MSP-IMPROV-S01H-M02-T-MF01.wav,1.75175,session2,T,train
MSP-IMPROV-S06N-M01-T-MF01,It has all been scheduled since Wednesday.,N,2.466667,3.833333,1,./data/RAW/MSP-Improv/Video/session1/S06N/T/MSP-IMPROV-S06N-M01-T-MF01.avi,./data/RAW/MSP-Improv/Audio/session1/S06N/T/MSP-IMPROV-S06N-M01-T-MF01.wav,1.7183833333333334,session1,T,train
MSP-IMPROV-S08S-F04-T-FM01,A preliminary study shows rats to be more inquisitive than one thought.,S,2.741935,3.709677,0,./data/RAW/MSP-Improv/Video/session4/S08S/T/MSP-IMPROV-S08S-F04-T-FM01.avi,./data/RAW/MSP-Improv/Audio/session4/S08S/T/MSP-IMPROV-S08S-F04-T-FM01.wav,3.6870166666666666,session4,T,dev
MSP-IMPROV-S11A-F05-T-FM01,It is raining outside.,A,2.269231,2.461538,0,./data/RAW/MSP-Improv/Video/session5/S11A/T/MSP-IMPROV-S11A-F05-T-FM01.avi,./data/RAW/MSP-Improv/Audio/session5/S11A/T/MSP-IMPROV-S11A-F05-T-FM01.wav,3.3533500000000003,session5,T,train
MSP-IMPROV-S08S-F02-T-FM01,A preliminary study shows rats to be more inquisitive than once thought .,S,2.357143,3.714286,1,./data/RAW/MSP-Improv/Video/session2/S08S/T/MSP-IMPROV-S08S-F02-T-FM01.avi,./data/RAW/MSP-Improv/Audio/session2/S08S/T/MSP-IMPROV-S08S-F02-T-FM01.wav,5.005,session2,T,train
MSP-IMPROV-S15H-M06-T-MF01,Only I joined her in the ceremony.,H,4.09375,2.65625,0,./data/RAW/MSP-Improv/Video/session6/S15H/T/MSP-IMPROV-S15H-M06-T-MF01.avi,./data/RAW/MSP-Improv/Audio/session6/S15H/T/MSP-IMPROV-S15H-M06-T-MF01.wav,2.719383333333333,session6,T,dev
MSP-IMPROV-S13A-M04-T-MF01,She told me what you did .,A,1.666667,2.666667,0,./data/RAW/MSP-Improv/Video/session4/S13A/T/MSP-IMPROV-S13A-M04-T-MF01.avi,./data/RAW/MSP-Improv/Audio/session4/S13A/T/MSP-IMPROV-S13A-M04-T-MF01.wav,2.318983333333333,session4,T,dev
MSP-IMPROV-S11H-M04-T-MF01,It is raining outside .,H,4.346154,2.615385,0,./data/RAW/MSP-Improv/Video/session4/S11H/T/MSP-IMPROV-S11H-M04-T-MF01.avi,./data/RAW/MSP-Improv/Audio/session4/S11H/T/MSP-IMPROV-S11H-M04-T-MF01.wav,2.3857166666666667,session4,T,dev
MSP-IMPROV-S09A-F04-T-FM01,That's it. Your meeting is finished.,A,2.384615,3.576923,1,./data/RAW/MSP-Improv/Video/session4/S09A/T/MSP-IMPROV-S09A-F04-T-FM01.avi,./data/RAW/MSP-Improv/Audio/session4/S09A/T/MSP-IMPROV-S09A-F04-T-FM01.wav,2.3857166666666667,session4,T,dev
MSP-IMPROV-S13H-F02-T-FM01,She told me what you did.,H,3.851852,3.148148,0,./data/RAW/MSP-Improv/Video/session2/S13H/T/MSP-IMPROV-S13H-F02-T-FM01.avi,./data/RAW/MSP-Improv/Audio/session2/S13H/T/MSP-IMPROV-S13H-F02-T-FM01.wav,1.4014,session2,T,train
MSP-IMPROV-S05A-F04-T-FM01,They're just going to go ahead regardless.,A,2.433333,3.766667,1,./data/RAW/MSP-Improv/Video/session4/S05A/T/MSP-IMPROV-S05A-F04-T-FM01.avi,./data/RAW/MSP-Improv/Audio/session4/S05A/T/MSP-IMPROV-S05A-F04-T-FM01.wav,2.65265,session4,T,dev
MSP-IMPROV-S05S-F03-T-FM01,They're just going to go ahead regardless. .,S,1.928571,3.428571,1,./data/RAW/MSP-Improv/Video/session3/S05S/T/MSP-IMPROV-S05S-F03-T-FM01.avi,./data/RAW/MSP-Improv/Audio/session3/S05S/T/MSP-IMPROV-S05S-F03-T-FM01.wav,3.3533500000000003,session3,T,train
MSP-IMPROV-S07H-F05-T-FM01,I'm going shopping.,H,4.692308,2.307692,0,./data/RAW/MSP-Improv/Video/session5/S07H/T/MSP-IMPROV-S07H-F05-T-FM01.avi,./data/RAW/MSP-Improv/Audio/session5/S07H/T/MSP-IMPROV-S07H-F05-T-FM01.wav,2.4858166666666666,session5,T,train
MSP-IMPROV-S02S-M01-T-MF01,I'm quite sure that we will find some way or another.,S,2.68,3.68,1,./data/RAW/MSP-Improv/Video/session1/S02S/T/MSP-IMPROV-S02S-M01-T-MF01.avi,./data/RAW/MSP-Improv/Audio/session1/S02S/T/MSP-IMPROV-S02S-M01-T-MF01.wav,2.85285,session1,T,train
MSP-IMPROV-S01H-M04-T-MF01,How can I not .,H,4.030303,2.575758,0,./data/RAW/MSP-Improv/Video/session4/S01H/T/MSP-IMPROV-S01H-M04-T-MF01.avi,./data/RAW/MSP-Improv/Audio/session4/S01H/T/MSP-IMPROV-S01H-M04-T-MF01.wav,1.9853166666666664,session4,T,dev
MSP-IMPROV-S04A-M04-T-MF01,The flow is completely covered.,A,1.724138,2.62069,0,./data/RAW/MSP-Improv/Video/session4/S04A/T/MSP-IMPROV-S04A-M04-T-MF01.avi,./data/RAW/MSP-Improv/Audio/session4/S04A/T/MSP-IMPROV-S04A-M04-T-MF01.wav,2.7861166666666666,session4,T,dev
MSP-IMPROV-S04S-M04-T-MF01,The floor is completely covered.,S,2.236842,3.473684,1,./data/RAW/MSP-Improv/Video/session4/S04S/T/MSP-IMPROV-S04S-M04-T-MF01.avi,./data/RAW/MSP-Improv/Audio/session4/S04S/T/MSP-IMPROV-S04S-M04-T-MF01.wav,2.4858166666666666,session4,T,dev
MSP-IMPROV-S01N-M01-T-MF01,How can I not?,N,2.432432,3.513514,1,./data/RAW/MSP-Improv/Video/session1/S01N/T/MSP-IMPROV-S01N-M01-T-MF01.avi,./data/RAW/MSP-Improv/Audio/session1/S01N/T/MSP-IMPROV-S01N-M01-T-MF01.wav,0.8174833333333333,session1,T,train
MSP-IMPROV-S03H-F01-T-FM01,Ella Jorgensen made the pudding.,H,3.85,3.25,0,./data/RAW/MSP-Improv/Video/session1/S03H/T/MSP-IMPROV-S03H-F01-T-FM01.avi,./data/RAW/MSP-Improv/Audio/session1/S03H/T/MSP-IMPROV-S03H-F01-T-FM01.wav,1.9853166666666664,session1,T,train
MSP-IMPROV-S04N-M06-T-MF01,The floor was completely covered.,N,3.393939,3.515152,0,./data/RAW/MSP-Improv/Video/session6/S04N/T/MSP-IMPROV-S04N-M06-T-MF01.avi,./data/RAW/MSP-Improv/Audio/session6/S04N/T/MSP-IMPROV-S04N-M06-T-MF01.wav,2.0854166666666667,session6,T,dev
MSP-IMPROV-S09A-M06-T-MF01,That's it. The meeting is finished. .,A,1.666667,2.62963,0,./data/RAW/MSP-Improv/Video/session6/S09A/T/MSP-IMPROV-S09A-M06-T-MF01.avi,./data/RAW/MSP-Improv/Audio/session6/S09A/T/MSP-IMPROV-S09A-M06-T-MF01.wav,3.2866166666666667,session6,T,dev
MSP-IMPROV-S02A-M03-T-MF01,I'm quite sure that we'll find some way or another .,A,2.967742,4.0,0,./data/RAW/MSP-Improv/Video/session3/S02A/T/MSP-IMPROV-S02A-M03-T-MF01.avi,./data/RAW/MSP-Improv/Audio/session3/S02A/T/MSP-IMPROV-S02A-M03-T-MF01.wav,3.186516666666667,session3,T,train
MSP-IMPROV-S04A-M06-T-MF01,The floor was completely covered.,A,2.115385,2.423077,0,./data/RAW/MSP-Improv/Video/session6/S04A/T/MSP-IMPROV-S04A-M06-T-MF01.avi,./data/RAW/MSP-Improv/Audio/session6/S04A/T/MSP-IMPROV-S04A-M06-T-MF01.wav,3.520183333333333,session6,T,dev
MSP-IMPROV-S12A-F05-T-FM01,Your dog is insane.,A,1.75,2.85,0,./data/RAW/MSP-Improv/Video/session5/S12A/T/MSP-IMPROV-S12A-F05-T-FM01.avi,./data/RAW/MSP-Improv/Audio/session5/S12A/T/MSP-IMPROV-S12A-F05-T-FM01.wav,2.919583333333333,session5,T,train
MSP-IMPROV-S04H-M04-T-MF01,The floor is completely covered right.,H,3.285714,2.666667,0,./data/RAW/MSP-Improv/Video/session4/S04H/T/MSP-IMPROV-S04H-M04-T-MF01.avi,./data/RAW/MSP-Improv/Audio/session4/S04H/T/MSP-IMPROV-S04H-M04-T-MF01.wav,1.9853166666666664,session4,T,dev
MSP-IMPROV-S03N-F06-T-FM01,Ella Jorgensen made the pudding.,N,3.086957,3.782609,0,./data/RAW/MSP-Improv/Video/session6/S03N/T/MSP-IMPROV-S03N-F06-T-FM01.avi,./data/RAW/MSP-Improv/Audio/session6/S03N/T/MSP-IMPROV-S03N-F06-T-FM01.wav,2.9863166666666667,session6,T,dev
MSP-IMPROV-S02H-F05-T-FM01,I'm quite sure that we will find some way or another.,H,3.954545,2.772727,0,./data/RAW/MSP-Improv/Video/session5/S02H/T/MSP-IMPROV-S02H-F05-T-FM01.avi,./data/RAW/MSP-Improv/Audio/session5/S02H/T/MSP-IMPROV-S02H-F05-T-FM01.wav,4.85485,session5,T,train
MSP-IMPROV-S12H-F04-T-FM01,Your dog is insane.,H,3.535714,3.25,0,./data/RAW/MSP-Improv/Video/session4/S12H/T/MSP-IMPROV-S12H-F04-T-FM01.avi,./data/RAW/MSP-Improv/Audio/session4/S12H/T/MSP-IMPROV-S12H-F04-T-FM01.wav,1.2345666666666666,session4,T,dev
MSP-IMPROV-S09A-F03-T-FM01,That's it. The meeting is finished.,A,1.904762,2.809524,0,./data/RAW/MSP-Improv/Video/session3/S09A/T/MSP-IMPROV-S09A-F03-T-FM01.avi,./data/RAW/MSP-Improv/Audio/session3/S09A/T/MSP-IMPROV-S09A-F03-T-FM01.wav,3.186516666666667,session3,T,train
MSP-IMPROV-S07A-M06-T-MF01,I am going shopping.,A,2.806452,3.870968,0,./data/RAW/MSP-Improv/Video/session6/S07A/T/MSP-IMPROV-S07A-M06-T-MF01.avi,./data/RAW/MSP-Improv/Audio/session6/S07A/T/MSP-IMPROV-S07A-M06-T-MF01.wav,1.8184833333333332,session6,T,dev
MSP-IMPROV-S06N-F02-T-FM01,It has all been scheduled since Wednesday.,N,2.741935,3.774194,0,./data/RAW/MSP-Improv/Video/session2/S06N/T/MSP-IMPROV-S06N-F02-T-FM01.avi,./data/RAW/MSP-Improv/Audio/session2/S06N/T/MSP-IMPROV-S06N-F02-T-FM01.wav,2.769433333333333,session2,T,train
MSP-IMPROV-S13S-F05-T-FM01,She told me what you did.,S,2.12,3.32,0,./data/RAW/MSP-Improv/Video/session5/S13S/T/MSP-IMPROV-S13S-F05-T-FM01.avi,./data/RAW/MSP-Improv/Audio/session5/S13S/T/MSP-IMPROV-S13S-F05-T-FM01.wav,1.5849166666666668,session5,T,train
MSP-IMPROV-S01A-M03-T-MF01,How can I not.,A,2.965517,3.448276,0,./data/RAW/MSP-Improv/Video/session3/S01A/T/MSP-IMPROV-S01A-M03-T-MF01.avi,./data/RAW/MSP-Improv/Audio/session3/S01A/T/MSP-IMPROV-S01A-M03-T-MF01.wav,3.019683333333333,session3,T,train
MSP-IMPROV-S07N-M01-T-MF01,I am going shopping.,N,2.851852,3.592593,0,./data/RAW/MSP-Improv/Video/session1/S07N/T/MSP-IMPROV-S07N-M01-T-MF01.avi,./data/RAW/MSP-Improv/Audio/session1/S07N/T/MSP-IMPROV-S07N-M01-T-MF01.wav,2.018683333333333,session1,T,train
MSP-IMPROV-S14H-M06-T-MF01,Your grandmother is on the phone.,H,4.454545,2.909091,0,./data/RAW/MSP-Improv/Video/session6/S14H/T/MSP-IMPROV-S14H-M06-T-MF01.avi,./data/RAW/MSP-Improv/Audio/session6/S14H/T/MSP-IMPROV-S14H-M06-T-MF01.wav,2.419083333333333,session6,T,dev
MSP-IMPROV-S14N-M02-T-MF01,Your grandmother is on the phone.,N,3.030303,3.969697,0,./data/RAW/MSP-Improv/Video/session2/S14N/T/MSP-IMPROV-S14N-M02-T-MF01.avi,./data/RAW/MSP-Improv/Audio/session2/S14N/T/MSP-IMPROV-S14N-M02-T-MF01.wav,2.15215,session2,T,train
MSP-IMPROV-S02A-M05-T-MF01,"I'm quite sure there'll be, we'll find some way or another.",A,2.692308,3.192308,0,./data/RAW/MSP-Improv/Video/session5/S02A/T/MSP-IMPROV-S02A-M05-T-MF01.avi,./data/RAW/MSP-Improv/Audio/session5/S02A/T/MSP-IMPROV-S02A-M05-T-MF01.wav,3.45345,session5,T,train
MSP-IMPROV-S09S-M01-T-MF01,That's it. The meeting is finished.,S,2.166667,3.5,1,./data/RAW/MSP-Improv/Video/session1/S09S/T/MSP-IMPROV-S09S-M01-T-MF01.avi,./data/RAW/MSP-Improv/Audio/session1/S09S/T/MSP-IMPROV-S09S-M01-T-MF01.wav,3.2866166666666667,session1,T,train
MSP-IMPROV-S09A-F06-T-FM01,That's it. The meeting is finished. .,A,1.580645,2.645161,0,./data/RAW/MSP-Improv/Video/session6/S09A/T/MSP-IMPROV-S09A-F06-T-FM01.avi,./data/RAW/MSP-Improv/Audio/session6/S09A/T/MSP-IMPROV-S09A-F06-T-FM01.wav,3.319983333333333,session6,T,dev
MSP-IMPROV-S12N-F04-T-FM01,Your dog is insane.,N,2.387097,3.741935,1,./data/RAW/MSP-Improv/Video/session4/S12N/T/MSP-IMPROV-S12N-F04-T-FM01.avi,./data/RAW/MSP-Improv/Audio/session4/S12N/T/MSP-IMPROV-S12N-F04-T-FM01.wav,2.2355666666666667,session4,T,dev
MSP-IMPROV-S13N-M02-T-MF01,She told me what you did.,N,2.625,3.416667,1,./data/RAW/MSP-Improv/Video/session2/S13N/T/MSP-IMPROV-S13N-M02-T-MF01.avi,./data/RAW/MSP-Improv/Audio/session2/S13N/T/MSP-IMPROV-S13N-M02-T-MF01.wav,1.9185833333333333,session2,T,train
MSP-IMPROV-S10H-M04-T-MF01,Yeah. I don't know how she could miss this opportunity.,H,3.538462,3.076923,0,./data/RAW/MSP-Improv/Video/session4/S10H/T/MSP-IMPROV-S10H-M04-T-MF01.avi,./data/RAW/MSP-Improv/Audio/session4/S10H/T/MSP-IMPROV-S10H-M04-T-MF01.wav,3.219883333333333,session4,T,dev
MSP-IMPROV-S05A-M01-T-MF01,They're just going to go ahead regardless.Well maybe-,A,2.166667,3.433333,1,./data/RAW/MSP-Improv/Video/session1/S05A/T/MSP-IMPROV-S05A-M01-T-MF01.avi,./data/RAW/MSP-Improv/Audio/session1/S05A/T/MSP-IMPROV-S05A-M01-T-MF01.wav,2.55255,session1,T,train
MSP-IMPROV-S14A-F06-T-FM01,Your grandmother is on the phone.,A,1.576923,2.692308,0,./data/RAW/MSP-Improv/Video/session6/S14A/T/MSP-IMPROV-S14A-F06-T-FM01.avi,./data/RAW/MSP-Improv/Audio/session6/S14A/T/MSP-IMPROV-S14A-F06-T-FM01.wav,3.25325,session6,T,dev
MSP-IMPROV-S01H-F01-T-FM01,How can I not?,H,4.233333,2.533333,0,./data/RAW/MSP-Improv/Video/session1/S01H/T/MSP-IMPROV-S01H-F01-T-FM01.avi,./data/RAW/MSP-Improv/Audio/session1/S01H/T/MSP-IMPROV-S01H-F01-T-FM01.wav,0.9843166666666668,session1,T,train
MSP-IMPROV-S08H-M01-T-MF01,A preliminary study shows rats to be more inquisitive than once thought.,H,2.793103,3.551724,0,./data/RAW/MSP-Improv/Video/session1/S08H/T/MSP-IMPROV-S08H-M01-T-MF01.avi,./data/RAW/MSP-Improv/Audio/session1/S08H/T/MSP-IMPROV-S08H-M01-T-MF01.wav,3.3533500000000003,session1,T,train
MSP-IMPROV-S11S-F05-T-FM01,It is raining outside.,S,2.0,3.809524,1,./data/RAW/MSP-Improv/Video/session5/S11S/T/MSP-IMPROV-S11S-F05-T-FM01.avi,./data/RAW/MSP-Improv/Audio/session5/S11S/T/MSP-IMPROV-S11S-F05-T-FM01.wav,2.619283333333333,session5,T,train
MSP-IMPROV-S07S-F02-T-FM01,I'm going shopping.,S,2.884615,3.692308,0,./data/RAW/MSP-Improv/Video/session2/S07S/T/MSP-IMPROV-S07S-F02-T-FM01.avi,./data/RAW/MSP-Improv/Audio/session2/S07S/T/MSP-IMPROV-S07S-F02-T-FM01.wav,2.6026,session2,T,train
MSP-IMPROV-S03A-M01-T-MF01,Ella Jorgensen made the pudding.,A,2.222222,3.518519,1,./data/RAW/MSP-Improv/Video/session1/S03A/T/MSP-IMPROV-S03A-M01-T-MF01.avi,./data/RAW/MSP-Improv/Audio/session1/S03A/T/MSP-IMPROV-S03A-M01-T-MF01.wav,2.585916666666667,session1,T,train
MSP-IMPROV-S13S-F06-T-FM01,She told me what you did.,S,2.107143,3.0,0,./data/RAW/MSP-Improv/Video/session6/S13S/T/MSP-IMPROV-S13S-F06-T-FM01.avi,./data/RAW/MSP-Improv/Audio/session6/S13S/T/MSP-IMPROV-S13S-F06-T-FM01.wav,2.6860166666666667,session6,T,dev
MSP-IMPROV-S13N-M06-T-MF01,She told me what you did.,N,2.25,3.041667,0,./data/RAW/MSP-Improv/Video/session6/S13N/T/MSP-IMPROV-S13N-M06-T-MF01.avi,./data/RAW/MSP-Improv/Audio/session6/S13N/T/MSP-IMPROV-S13N-M06-T-MF01.wav,1.75175,session6,T,dev
MSP-IMPROV-S08H-F02-T-FM01,A preliminary study shows rats to be more inquisitive than once thought.,H,3.62069,3.172414,0,./data/RAW/MSP-Improv/Video/session2/S08H/T/MSP-IMPROV-S08H-F02-T-FM01.avi,./data/RAW/MSP-Improv/Audio/session2/S08H/T/MSP-IMPROV-S08H-F02-T-FM01.wav,4.037366666666666,session2,T,train
MSP-IMPROV-S04A-F02-T-FM01,The floor was completely covered.,A,2.125,3.28125,0,./data/RAW/MSP-Improv/Video/session2/S04A/T/MSP-IMPROV-S04A-F02-T-FM01.avi,./data/RAW/MSP-Improv/Audio/session2/S04A/T/MSP-IMPROV-S04A-F02-T-FM01.wav,3.219883333333333,session2,T,train
MSP-IMPROV-S01A-F04-T-FM01,How can I not?,A,2.285714,3.0,0,./data/RAW/MSP-Improv/Video/session4/S01A/T/MSP-IMPROV-S01A-F04-T-FM01.avi,./data/RAW/MSP-Improv/Audio/session4/S01A/T/MSP-IMPROV-S01A-F04-T-FM01.wav,1.45145,session4,T,dev
MSP-IMPROV-S03S-M06-T-MF01,Ella Jorgensen made the pudding.,S,2.441176,3.323529,0,./data/RAW/MSP-Improv/Video/session6/S03S/T/MSP-IMPROV-S03S-M06-T-MF01.avi,./data/RAW/MSP-Improv/Audio/session6/S03S/T/MSP-IMPROV-S03S-M06-T-MF01.wav,3.15315,session6,T,dev
MSP-IMPROV-S09A-M02-T-MF01,"That's it, the meeting is finished.",A,1.676471,2.647059,0,./data/RAW/MSP-Improv/Video/session2/S09A/T/MSP-IMPROV-S09A-M02-T-MF01.avi,./data/RAW/MSP-Improv/Audio/session2/S09A/T/MSP-IMPROV-S09A-M02-T-MF01.wav,3.319983333333333,session2,T,train
MSP-IMPROV-S15H-F02-T-FM01,Only I joined her in the ceremony.,H,3.173913,3.565217,0,./data/RAW/MSP-Improv/Video/session2/S15H/T/MSP-IMPROV-S15H-F02-T-FM01.avi,./data/RAW/MSP-Improv/Audio/session2/S15H/T/MSP-IMPROV-S15H-F02-T-FM01.wav,2.2022,session2,T,train
MSP-IMPROV-S08A-M05-T-MF01,A preliminary studies shows rats to be more inquisitive than once thought.,A,2.961538,2.884615,0,./data/RAW/MSP-Improv/Video/session5/S08A/T/MSP-IMPROV-S08A-M05-T-MF01.avi,./data/RAW/MSP-Improv/Audio/session5/S08A/T/MSP-IMPROV-S08A-M05-T-MF01.wav,3.820483333333333,session5,T,train
MSP-IMPROV-S07H-M05-T-MF01,I'm going shopping.,H,4.458333,2.666667,0,./data/RAW/MSP-Improv/Video/session5/S07H/T/MSP-IMPROV-S07H-M05-T-MF01.avi,./data/RAW/MSP-Improv/Audio/session5/S07H/T/MSP-IMPROV-S07H-M05-T-MF01.wav,1.7183833333333334,session5,T,train
MSP-IMPROV-S05S-M05-T-MF01,They're just going to go ahead regardless.,S,2.121212,3.757576,1,./data/RAW/MSP-Improv/Video/session5/S05S/T/MSP-IMPROV-S05S-M05-T-MF01.avi,./data/RAW/MSP-Improv/Audio/session5/S05S/T/MSP-IMPROV-S05S-M05-T-MF01.wav,2.9863166666666667,session5,T,train
MSP-IMPROV-S02A-F02-T-FM01,I'm quite sure that we will find some way or another.,A,2.666667,3.083333,0,./data/RAW/MSP-Improv/Video/session2/S02A/T/MSP-IMPROV-S02A-F02-T-FM01.avi,./data/RAW/MSP-Improv/Audio/session2/S02A/T/MSP-IMPROV-S02A-F02-T-FM01.wav,3.3533500000000003,session2,T,train
MSP-IMPROV-S04S-M06-T-MF01,The floor was completely covered. .,S,2.096774,3.096774,0,./data/RAW/MSP-Improv/Video/session6/S04S/T/MSP-IMPROV-S04S-M06-T-MF01.avi,./data/RAW/MSP-Improv/Audio/session6/S04S/T/MSP-IMPROV-S04S-M06-T-MF01.wav,2.6860166666666667,session6,T,dev
MSP-IMPROV-S09N-M04-T-MF01,That's it. The meaning it's finished.,N,2.967742,3.806452,0,./data/RAW/MSP-Improv/Video/session4/S09N/T/MSP-IMPROV-S09N-M04-T-MF01.avi,./data/RAW/MSP-Improv/Audio/session4/S09N/T/MSP-IMPROV-S09N-M04-T-MF01.wav,2.45245,session4,T,dev
MSP-IMPROV-S10A-M04-T-MF01,I don't know how she could miss this opportunity.,A,2.4,3.36,0,./data/RAW/MSP-Improv/Video/session4/S10A/T/MSP-IMPROV-S10A-M04-T-MF01.avi,./data/RAW/MSP-Improv/Audio/session4/S10A/T/MSP-IMPROV-S10A-M04-T-MF01.wav,2.85285,session4,T,dev
MSP-IMPROV-S10H-F03-T-FM01,I don't know how she could miss this opportunity.,H,2.129032,2.935484,0,./data/RAW/MSP-Improv/Video/session3/S10H/T/MSP-IMPROV-S10H-F03-T-FM01.avi,./data/RAW/MSP-Improv/Audio/session3/S10H/T/MSP-IMPROV-S10H-F03-T-FM01.wav,3.75375,session3,T,train
MSP-IMPROV-S08N-F04-T-FM01,A preliminary study shows rats to be more inquisitive than once thought.,N,3.192308,3.653846,0,./data/RAW/MSP-Improv/Video/session4/S08N/T/MSP-IMPROV-S08N-F04-T-FM01.avi,./data/RAW/MSP-Improv/Audio/session4/S08N/T/MSP-IMPROV-S08N-F04-T-FM01.wav,3.4200833333333334,session4,T,dev
MSP-IMPROV-S04N-F04-T-FM01,The floor is completely covered.,N,3.36,3.92,0,./data/RAW/MSP-Improv/Video/session4/S04N/T/MSP-IMPROV-S04N-F04-T-FM01.avi,./data/RAW/MSP-Improv/Audio/session4/S04N/T/MSP-IMPROV-S04N-F04-T-FM01.wav,1.9853166666666664,session4,T,dev
MSP-IMPROV-S10A-F06-T-FM01,I don't know how she could miss this opportunity.,A,1.925926,2.666667,0,./data/RAW/MSP-Improv/Video/session6/S10A/T/MSP-IMPROV-S10A-F06-T-FM01.avi,./data/RAW/MSP-Improv/Audio/session6/S10A/T/MSP-IMPROV-S10A-F06-T-FM01.wav,3.520183333333333,session6,T,dev
MSP-IMPROV-S01N-M04-T-MF01,How can I not?,N,2.952381,3.333333,0,./data/RAW/MSP-Improv/Video/session4/S01N/T/MSP-IMPROV-S01N-M04-T-MF01.avi,./data/RAW/MSP-Improv/Audio/session4/S01N/T/MSP-IMPROV-S01N-M04-T-MF01.wav,1.55155,session4,T,dev
MSP-IMPROV-S05N-M06-T-MF01,They are just going to go ahead regardless.,N,2.666667,3.424242,1,./data/RAW/MSP-Improv/Video/session6/S05N/T/MSP-IMPROV-S05N-M06-T-MF01.avi,./data/RAW/MSP-Improv/Audio/session6/S05N/T/MSP-IMPROV-S05N-M06-T-MF01.wav,3.85385,session6,T,dev
MSP-IMPROV-S11S-F02-T-FM01,It's raining outside.,S,2.088235,3.970588,1,./data/RAW/MSP-Improv/Video/session2/S11S/T/MSP-IMPROV-S11S-F02-T-FM01.avi,./data/RAW/MSP-Improv/Audio/session2/S11S/T/MSP-IMPROV-S11S-F02-T-FM01.wav,1.9686333333333332,session2,T,train
MSP-IMPROV-S02N-F05-T-FM01,I'm quite sure that we will find some way or another.,N,3.096774,3.806452,0,./data/RAW/MSP-Improv/Video/session5/S02N/T/MSP-IMPROV-S02N-F05-T-FM01.avi,./data/RAW/MSP-Improv/Audio/session5/S02N/T/MSP-IMPROV-S02N-F05-T-FM01.wav,5.689016666666666,session5,T,train
MSP-IMPROV-S09S-M06-T-MF01,"That's it, the meeting is finished.",S,1.821429,3.535714,1,./data/RAW/MSP-Improv/Video/session6/S09S/T/MSP-IMPROV-S09S-M06-T-MF01.avi,./data/RAW/MSP-Improv/Audio/session6/S09S/T/MSP-IMPROV-S09S-M06-T-MF01.wav,3.9873166666666666,session6,T,dev
MSP-IMPROV-S03N-M01-T-MF01,Ella Jorgensen made the pudding.,N,2.923077,3.807692,0,./data/RAW/MSP-Improv/Video/session1/S03N/T/MSP-IMPROV-S03N-M01-T-MF01.avi,./data/RAW/MSP-Improv/Audio/session1/S03N/T/MSP-IMPROV-S03N-M01-T-MF01.wav,3.219883333333333,session1,T,train
MSP-IMPROV-S15S-F05-T-FM01,"Well, my, I joined her in the ceremony .",S,1.928571,3.642857,1,./data/RAW/MSP-Improv/Video/session5/S15S/T/MSP-IMPROV-S15S-F05-T-FM01.avi,./data/RAW/MSP-Improv/Audio/session5/S15S/T/MSP-IMPROV-S15S-F05-T-FM01.wav,3.219883333333333,session5,T,train
MSP-IMPROV-S09A-F05-T-FM01,That's it. The meeting is finished.,A,1.757576,3.212121,0,./data/RAW/MSP-Improv/Video/session5/S09A/T/MSP-IMPROV-S09A-F05-T-FM01.avi,./data/RAW/MSP-Improv/Audio/session5/S09A/T/MSP-IMPROV-S09A-F05-T-FM01.wav,5.021683333333334,session5,T,train
MSP-IMPROV-S02H-M04-T-MF01,I'm quite sure that we will find some way or another.,H,3.6,3.4,0,./data/RAW/MSP-Improv/Video/session4/S02H/T/MSP-IMPROV-S02H-M04-T-MF01.avi,./data/RAW/MSP-Improv/Audio/session4/S02H/T/MSP-IMPROV-S02H-M04-T-MF01.wav,3.9205833333333335,session4,T,dev
MSP-IMPROV-S15S-M04-T-MF01,Only I joined her in the ceremony .,S,2.444444,3.37037,0,./data/RAW/MSP-Improv/Video/session4/S15S/T/MSP-IMPROV-S15S-M04-T-MF01.avi,./data/RAW/MSP-Improv/Audio/session4/S15S/T/MSP-IMPROV-S15S-M04-T-MF01.wav,3.3867166666666666,session4,T,dev
MSP-IMPROV-S05N-F03-T-FM01,They are just going to go ahead regardless. .,N,1.809524,3.380952,0,./data/RAW/MSP-Improv/Video/session3/S05N/T/MSP-IMPROV-S05N-F03-T-FM01.avi,./data/RAW/MSP-Improv/Audio/session3/S05N/T/MSP-IMPROV-S05N-F03-T-FM01.wav,3.6202833333333335,session3,T,train
MSP-IMPROV-S05S-M03-T-MF02,They're just going to go ahead. Ricardo.,S,2.125,3.875,1,./data/RAW/MSP-Improv/Video/session3/S05S/T/MSP-IMPROV-S05S-M03-T-MF02.avi,./data/RAW/MSP-Improv/Audio/session3/S05S/T/MSP-IMPROV-S05S-M03-T-MF02.wav,4.521183333333333,session3,T,train
MSP-IMPROV-S04S-M02-T-MF01,The floor is completely covered.,S,2.588235,3.529412,1,./data/RAW/MSP-Improv/Video/session2/S04S/T/MSP-IMPROV-S04S-M02-T-MF01.avi,./data/RAW/MSP-Improv/Audio/session2/S04S/T/MSP-IMPROV-S04S-M02-T-MF01.wav,3.186516666666667,session2,T,train
MSP-IMPROV-S15S-M05-T-MF01,Only I joined her in the ceremony.,S,2.416667,3.916667,1,./data/RAW/MSP-Improv/Video/session5/S15S/T/MSP-IMPROV-S15S-M05-T-MF01.avi,./data/RAW/MSP-Improv/Audio/session5/S15S/T/MSP-IMPROV-S15S-M05-T-MF01.wav,2.1855166666666666,session5,T,train
MSP-IMPROV-S10N-F05-T-FM01,I don't know how she could miss this opportunity.,N,2.588235,3.294118,0,./data/RAW/MSP-Improv/Video/session5/S10N/T/MSP-IMPROV-S10N-F05-T-FM01.avi,./data/RAW/MSP-Improv/Audio/session5/S10N/T/MSP-IMPROV-S10N-F05-T-FM01.wav,3.4200833333333334,session5,T,train
MSP-IMPROV-S04S-M01-T-MF01,The floor was completely covered.,S,2.035714,3.321429,0,./data/RAW/MSP-Improv/Video/session1/S04S/T/MSP-IMPROV-S04S-M01-T-MF01.avi,./data/RAW/MSP-Improv/Audio/session1/S04S/T/MSP-IMPROV-S04S-M01-T-MF01.wav,2.65265,session1,T,train
MSP-IMPROV-S07S-M01-T-MF01,I am going shopping.,S,2.555556,4.185185,1,./data/RAW/MSP-Improv/Video/session1/S07S/T/MSP-IMPROV-S07S-M01-T-MF01.avi,./data/RAW/MSP-Improv/Audio/session1/S07S/T/MSP-IMPROV-S07S-M01-T-MF01.wav,2.9863166666666667,session1,T,train
MSP-IMPROV-S02S-F06-T-FM01,I'm quite sure that we will find some way or another.,S,2.388889,3.5,1,./data/RAW/MSP-Improv/Video/session6/S02S/T/MSP-IMPROV-S02S-F06-T-FM01.avi,./data/RAW/MSP-Improv/Audio/session6/S02S/T/MSP-IMPROV-S02S-F06-T-FM01.wav,3.720383333333333,session6,T,dev
MSP-IMPROV-S10H-F05-T-FM01,I don't know how she could miss this opportunity.,H,3.807692,2.769231,0,./data/RAW/MSP-Improv/Video/session5/S10H/T/MSP-IMPROV-S10H-F05-T-FM01.avi,./data/RAW/MSP-Improv/Audio/session5/S10H/T/MSP-IMPROV-S10H-F05-T-FM01.wav,3.720383333333333,session5,T,train
MSP-IMPROV-S03A-F04-T-FM01,Ella Jorgensen made the pudding.,A,3.064516,3.516129,0,./data/RAW/MSP-Improv/Video/session4/S03A/T/MSP-IMPROV-S03A-F04-T-FM01.avi,./data/RAW/MSP-Improv/Audio/session4/S03A/T/MSP-IMPROV-S03A-F04-T-FM01.wav,2.4858166666666666,session4,T,dev
MSP-IMPROV-S02H-F04-T-FM01,I'm quite sure that we will find some way or another.,H,3.862069,3.586207,0,./data/RAW/MSP-Improv/Video/session4/S02H/T/MSP-IMPROV-S02H-F04-T-FM01.avi,./data/RAW/MSP-Improv/Audio/session4/S02H/T/MSP-IMPROV-S02H-F04-T-FM01.wav,2.85285,session4,T,dev
MSP-IMPROV-S12N-M06-T-MF01,Your dog is insane. Yeah.,N,2.454545,3.393939,1,./data/RAW/MSP-Improv/Video/session6/S12N/T/MSP-IMPROV-S12N-M06-T-MF01.avi,./data/RAW/MSP-Improv/Audio/session6/S12N/T/MSP-IMPROV-S12N-M06-T-MF01.wav,2.8194833333333333,session6,T,dev
MSP-IMPROV-S01A-F01-T-FM01,How can I not?,A,2.173913,2.73913,0,./data/RAW/MSP-Improv/Video/session1/S01A/T/MSP-IMPROV-S01A-F01-T-FM01.avi,./data/RAW/MSP-Improv/Audio/session1/S01A/T/MSP-IMPROV-S01A-F01-T-FM01.wav,1.9853166666666664,session1,T,train
MSP-IMPROV-S01S-F04-T-FM01,How can I not.,S,2.09375,4.0625,1,./data/RAW/MSP-Improv/Video/session4/S01S/T/MSP-IMPROV-S01S-F04-T-FM01.avi,./data/RAW/MSP-Improv/Audio/session4/S01S/T/MSP-IMPROV-S01S-F04-T-FM01.wav,2.05205,session4,T,dev
MSP-IMPROV-S10S-M05-T-MF01,I dunno how she can miss this opportunity .,S,2.096774,3.709677,1,./data/RAW/MSP-Improv/Video/session5/S10S/T/MSP-IMPROV-S10S-M05-T-MF01.avi,./data/RAW/MSP-Improv/Audio/session5/S10S/T/MSP-IMPROV-S10S-M05-T-MF01.wav,2.585916666666667,session5,T,train
MSP-IMPROV-S10A-M01-T-MF01,I don't know how she can miss this opportunity.,A,2.0,2.833333,0,./data/RAW/MSP-Improv/Video/session1/S10A/T/MSP-IMPROV-S10A-M01-T-MF01.avi,./data/RAW/MSP-Improv/Audio/session1/S10A/T/MSP-IMPROV-S10A-M01-T-MF01.wav,2.719383333333333,session1,T,train
MSP-IMPROV-S14S-M02-T-MF01,Your grandmother is on the phone.,S,2.625,4.21875,1,./data/RAW/MSP-Improv/Video/session2/S14S/T/MSP-IMPROV-S14S-M02-T-MF01.avi,./data/RAW/MSP-Improv/Audio/session2/S14S/T/MSP-IMPROV-S14S-M02-T-MF01.wav,2.886216666666667,session2,T,train
MSP-IMPROV-S15N-F05-T-FM01,Only I joined her in the ceremony.,N,3.090909,3.424242,0,./data/RAW/MSP-Improv/Video/session5/S15N/T/MSP-IMPROV-S15N-F05-T-FM01.avi,./data/RAW/MSP-Improv/Audio/session5/S15N/T/MSP-IMPROV-S15N-F05-T-FM01.wav,2.05205,session5,T,train
MSP-IMPROV-S13H-F02-T-FM02,She told me what you did.,H,4.055556,3.222222,0,./data/RAW/MSP-Improv/Video/session2/S13H/T/MSP-IMPROV-S13H-F02-T-FM02.avi,./data/RAW/MSP-Improv/Audio/session2/S13H/T/MSP-IMPROV-S13H-F02-T-FM02.wav,2.002,session2,T,train
MSP-IMPROV-S04A-F03-T-FM02,The floor was completely covered.,A,1.888889,2.888889,0,./data/RAW/MSP-Improv/Video/session3/S04A/T/MSP-IMPROV-S04A-F03-T-FM02.avi,./data/RAW/MSP-Improv/Audio/session3/S04A/T/MSP-IMPROV-S04A-F03-T-FM02.wav,3.0530500000000003,session3,T,train
MSP-IMPROV-S02S-M02-T-MF01,I'm quite sure that we will find some way or another.,S,2.793103,3.448276,0,./data/RAW/MSP-Improv/Video/session2/S02S/T/MSP-IMPROV-S02S-M02-T-MF01.avi,./data/RAW/MSP-Improv/Audio/session2/S02S/T/MSP-IMPROV-S02S-M02-T-MF01.wav,3.45345,session2,T,train
MSP-IMPROV-S10H-M02-T-MF01,I don't know how she could miss this opportunity.,H,3.758621,2.931034,0,./data/RAW/MSP-Improv/Video/session2/S10H/T/MSP-IMPROV-S10H-M02-T-MF01.avi,./data/RAW/MSP-Improv/Audio/session2/S10H/T/MSP-IMPROV-S10H-M02-T-MF01.wav,2.9029000000000003,session2,T,train
MSP-IMPROV-S03H-M06-T-MF01,Ella Jorgensen made the pudding.,H,4.090909,3.363636,0,./data/RAW/MSP-Improv/Video/session6/S03H/T/MSP-IMPROV-S03H-M06-T-MF01.avi,./data/RAW/MSP-Improv/Audio/session6/S03H/T/MSP-IMPROV-S03H-M06-T-MF01.wav,2.4858166666666666,session6,T,dev
MSP-IMPROV-S01S-M03-T-MF02,Yeah. How can I not.,S,2.708333,3.833333,0,./data/RAW/MSP-Improv/Video/session3/S01S/T/MSP-IMPROV-S01S-M03-T-MF02.avi,./data/RAW/MSP-Improv/Audio/session3/S01S/T/MSP-IMPROV-S01S-M03-T-MF02.wav,3.2866166666666667,session3,T,train
MSP-IMPROV-S09N-M06-T-MF01,That's it. The meeting is finished.,N,3.09375,3.6875,0,./data/RAW/MSP-Improv/Video/session6/S09N/T/MSP-IMPROV-S09N-M06-T-MF01.avi,./data/RAW/MSP-Improv/Audio/session6/S09N/T/MSP-IMPROV-S09N-M06-T-MF01.wav,2.15215,session6,T,dev
MSP-IMPROV-S08S-M01-T-MF01,A preliminary study shows rats to be more inquisitive than once thought.,S,2.645161,3.290323,0,./data/RAW/MSP-Improv/Video/session1/S08S/T/MSP-IMPROV-S08S-M01-T-MF01.avi,./data/RAW/MSP-Improv/Audio/session1/S08S/T/MSP-IMPROV-S08S-M01-T-MF01.wav,3.787116666666667,session1,T,train
MSP-IMPROV-S08H-F03-T-FM01,A preliminary study shows rods to be more inquisitive than once thought.,H,2.833333,3.333333,0,./data/RAW/MSP-Improv/Video/session3/S08H/T/MSP-IMPROV-S08H-F03-T-FM01.avi,./data/RAW/MSP-Improv/Audio/session3/S08H/T/MSP-IMPROV-S08H-F03-T-FM01.wav,5.622283333333334,session3,T,train
MSP-IMPROV-S08A-F03-T-FM01,A preliminary study shows rats to be more inquisitive than once thought.,A,2.689655,3.103448,0,./data/RAW/MSP-Improv/Video/session3/S08A/T/MSP-IMPROV-S08A-F03-T-FM01.avi,./data/RAW/MSP-Improv/Audio/session3/S08A/T/MSP-IMPROV-S08A-F03-T-FM01.wav,4.65465,session3,T,train
MSP-IMPROV-S07N-M03-T-MF01,I'm going shopping.,N,3.064516,4.096774,0,./data/RAW/MSP-Improv/Video/session3/S07N/T/MSP-IMPROV-S07N-M03-T-MF01.avi,./data/RAW/MSP-Improv/Audio/session3/S07N/T/MSP-IMPROV-S07N-M03-T-MF01.wav,1.9352666666666667,session3,T,train
MSP-IMPROV-S06A-M03-T-MF01,It has all been scheduled since Wednesday.,A,3.235294,3.558824,0,./data/RAW/MSP-Improv/Video/session3/S06A/T/MSP-IMPROV-S06A-M03-T-MF01.avi,./data/RAW/MSP-Improv/Audio/session3/S06A/T/MSP-IMPROV-S06A-M03-T-MF01.wav,3.4200833333333334,session3,T,train
MSP-IMPROV-S13S-M02-T-MF01,She told me what you did.,S,2.037037,3.074074,0,./data/RAW/MSP-Improv/Video/session2/S13S/T/MSP-IMPROV-S13S-M02-T-MF01.avi,./data/RAW/MSP-Improv/Audio/session2/S13S/T/MSP-IMPROV-S13S-M02-T-MF01.wav,2.55255,session2,T,train
MSP-IMPROV-S14A-M04-T-MF01,Your grandmother is on the phone.,A,2.032258,2.645161,0,./data/RAW/MSP-Improv/Video/session4/S14A/T/MSP-IMPROV-S14A-M04-T-MF01.avi,./data/RAW/MSP-Improv/Audio/session4/S14A/T/MSP-IMPROV-S14A-M04-T-MF01.wav,2.619283333333333,session4,T,dev
MSP-IMPROV-S08A-F05-T-FM01,A preliminary study shows rats to be more inquisitive than once thought.,A,2.323529,2.441176,0,./data/RAW/MSP-Improv/Video/session5/S08A/T/MSP-IMPROV-S08A-F05-T-FM01.avi,./data/RAW/MSP-Improv/Audio/session5/S08A/T/MSP-IMPROV-S08A-F05-T-FM01.wav,7.290616666666667,session5,T,train
MSP-IMPROV-S01H-F06-T-FM01,How can I not?,H,4.16,2.8,0,./data/RAW/MSP-Improv/Video/session6/S01H/T/MSP-IMPROV-S01H-F06-T-FM01.avi,./data/RAW/MSP-Improv/Audio/session6/S01H/T/MSP-IMPROV-S01H-F06-T-FM01.wav,1.484816666666667,session6,T,dev
MSP-IMPROV-S07A-M05-T-MF01,I am going shopping.,A,3.193548,2.83871,0,./data/RAW/MSP-Improv/Video/session5/S07A/T/MSP-IMPROV-S07A-M05-T-MF01.avi,./data/RAW/MSP-Improv/Audio/session5/S07A/T/MSP-IMPROV-S07A-M05-T-MF01.wav,2.55255,session5,T,train
MSP-IMPROV-S02N-M06-T-MF01,I'm quite sure that we will find some way or another,N,3.586207,2.793103,0,./data/RAW/MSP-Improv/Video/session6/S02N/T/MSP-IMPROV-S02N-M06-T-MF01.avi,./data/RAW/MSP-Improv/Audio/session6/S02N/T/MSP-IMPROV-S02N-M06-T-MF01.wav,4.421083333333334,session6,T,dev
MSP-IMPROV-S04S-F01-T-FM01,The floor was completely covered.,S,2.03125,3.09375,0,./data/RAW/MSP-Improv/Video/session1/S04S/T/MSP-IMPROV-S04S-F01-T-FM01.avi,./data/RAW/MSP-Improv/Audio/session1/S04S/T/MSP-IMPROV-S04S-F01-T-FM01.wav,2.45245,session1,T,train
MSP-IMPROV-S03N-F05-T-FM01,Oh Jorgensen made the pudding. Cool.,N,3.171429,3.771429,0,./data/RAW/MSP-Improv/Video/session5/S03N/T/MSP-IMPROV-S03N-F05-T-FM01.avi,./data/RAW/MSP-Improv/Audio/session5/S03N/T/MSP-IMPROV-S03N-F05-T-FM01.wav,2.65265,session5,T,train
MSP-IMPROV-S03A-F05-T-FM01,Ella Jorgensen made the pudding.,A,2.5,3.125,0,./data/RAW/MSP-Improv/Video/session5/S03A/T/MSP-IMPROV-S03A-F05-T-FM01.avi,./data/RAW/MSP-Improv/Audio/session5/S03A/T/MSP-IMPROV-S03A-F05-T-FM01.wav,4.087416666666667,session5,T,train
MSP-IMPROV-S08H-M06-T-MF01,A preliminary study shows rats to be more inquisitive than once thought.,H,4.115385,2.769231,0,./data/RAW/MSP-Improv/Video/session6/S08H/T/MSP-IMPROV-S08H-M06-T-MF01.avi,./data/RAW/MSP-Improv/Audio/session6/S08H/T/MSP-IMPROV-S08H-M06-T-MF01.wav,4.721383333333334,session6,T,dev
MSP-IMPROV-S13H-F04-T-FM01,She told me what you did.,H,3.354839,3.548387,0,./data/RAW/MSP-Improv/Video/session4/S13H/T/MSP-IMPROV-S13H-F04-T-FM01.avi,./data/RAW/MSP-Improv/Audio/session4/S13H/T/MSP-IMPROV-S13H-F04-T-FM01.wav,1.9352666666666667,session4,T,dev
MSP-IMPROV-S01H-F02-T-FM01,How can I not?,H,4.071429,3.142857,0,./data/RAW/MSP-Improv/Video/session2/S01H/T/MSP-IMPROV-S01H-F02-T-FM01.avi,./data/RAW/MSP-Improv/Audio/session2/S01H/T/MSP-IMPROV-S01H-F02-T-FM01.wav,1.8018,session2,T,train
MSP-IMPROV-S10N-M04-T-MF01,I don't know how she could miss this opportunity.,N,2.583333,3.166667,0,./data/RAW/MSP-Improv/Video/session4/S10N/T/MSP-IMPROV-S10N-M04-T-MF01.avi,./data/RAW/MSP-Improv/Audio/session4/S10N/T/MSP-IMPROV-S10N-M04-T-MF01.wav,2.85285,session4,T,dev
MSP-IMPROV-S01A-F05-T-FM01,How can I not?,A,2.096774,2.870968,0,./data/RAW/MSP-Improv/Video/session5/S01A/T/MSP-IMPROV-S01A-F05-T-FM01.avi,./data/RAW/MSP-Improv/Audio/session5/S01A/T/MSP-IMPROV-S01A-F05-T-FM01.wav,2.45245,session5,T,train
MSP-IMPROV-S11N-M02-T-MF01,It is raining outside .,N,2.931034,3.793103,0,./data/RAW/MSP-Improv/Video/session2/S11N/T/MSP-IMPROV-S11N-M02-T-MF01.avi,./data/RAW/MSP-Improv/Audio/session2/S11N/T/MSP-IMPROV-S11N-M02-T-MF01.wav,2.2188833333333333,session2,T,train
MSP-IMPROV-S05H-M01-T-MF01,They're just going to go ahead regardless.,H,2.392857,3.392857,0,./data/RAW/MSP-Improv/Video/session1/S05H/T/MSP-IMPROV-S05H-M01-T-MF01.avi,./data/RAW/MSP-Improv/Audio/session1/S05H/T/MSP-IMPROV-S05H-M01-T-MF01.wav,1.85185,session1,T,train
MSP-IMPROV-S02A-F01-T-FM01,I'm quite sure that we will find some way or another.,A,2.636364,3.121212,0,./data/RAW/MSP-Improv/Video/session1/S02A/T/MSP-IMPROV-S02A-F01-T-FM01.avi,./data/RAW/MSP-Improv/Audio/session1/S02A/T/MSP-IMPROV-S02A-F01-T-FM01.wav,3.1197833333333334,session1,T,train
MSP-IMPROV-S06S-M03-T-MF01,It has all been scheduled since Wednesday.,S,2.612903,3.903226,1,./data/RAW/MSP-Improv/Video/session3/S06S/T/MSP-IMPROV-S06S-M03-T-MF01.avi,./data/RAW/MSP-Improv/Audio/session3/S06S/T/MSP-IMPROV-S06S-M03-T-MF01.wav,3.186516666666667,session3,T,train
MSP-IMPROV-S14S-F06-T-FM01,Your grandmother is on the phone.,S,2.066667,3.766667,1,./data/RAW/MSP-Improv/Video/session6/S14S/T/MSP-IMPROV-S14S-F06-T-FM01.avi,./data/RAW/MSP-Improv/Audio/session6/S14S/T/MSP-IMPROV-S14S-F06-T-FM01.wav,4.521183333333333,session6,T,dev
MSP-IMPROV-S02N-F02-T-FM01,I'm quite sure that we will find some way or another.,N,3.032258,3.870968,0,./data/RAW/MSP-Improv/Video/session2/S02N/T/MSP-IMPROV-S02N-F02-T-FM01.avi,./data/RAW/MSP-Improv/Audio/session2/S02N/T/MSP-IMPROV-S02N-F02-T-FM01.wav,3.219883333333333,session2,T,train
MSP-IMPROV-S09S-M02-T-MF01,That's it. The meeting is finished. .,S,2.225806,3.774194,1,./data/RAW/MSP-Improv/Video/session2/S09S/T/MSP-IMPROV-S09S-M02-T-MF01.avi,./data/RAW/MSP-Improv/Audio/session2/S09S/T/MSP-IMPROV-S09S-M02-T-MF01.wav,3.7037,session2,T,train
MSP-IMPROV-S02H-M05-T-MF01,I'm quite sure that we will find some way or another.,H,4.060606,3.090909,0,./data/RAW/MSP-Improv/Video/session5/S02H/T/MSP-IMPROV-S02H-M05-T-MF01.avi,./data/RAW/MSP-Improv/Audio/session5/S02H/T/MSP-IMPROV-S02H-M05-T-MF01.wav,3.0864166666666666,session5,T,train
MSP-IMPROV-S04N-M03-T-MF01,The floor was completely covered.,N,3.545455,3.727273,0,./data/RAW/MSP-Improv/Video/session3/S04N/T/MSP-IMPROV-S04N-M03-T-MF01.avi,./data/RAW/MSP-Improv/Audio/session3/S04N/T/MSP-IMPROV-S04N-M03-T-MF01.wav,2.285616666666667,session3,T,train
MSP-IMPROV-S11N-F04-T-FM01,It is raining outside.,N,3.176471,3.823529,0,./data/RAW/MSP-Improv/Video/session4/S11N/T/MSP-IMPROV-S11N-F04-T-FM01.avi,./data/RAW/MSP-Improv/Audio/session4/S11N/T/MSP-IMPROV-S11N-F04-T-FM01.wav,1.4681333333333333,session4,T,dev
MSP-IMPROV-S04H-M05-T-MF01,was completely covered.,H,4.111111,2.138889,0,./data/RAW/MSP-Improv/Video/session5/S04H/T/MSP-IMPROV-S04H-M05-T-MF01.avi,./data/RAW/MSP-Improv/Audio/session5/S04H/T/MSP-IMPROV-S04H-M05-T-MF01.wav,3.15315,session5,T,train
MSP-IMPROV-S10H-F04-T-FM01,I don't know how she could miss this opportunity.,H,3.185185,3.037037,0,./data/RAW/MSP-Improv/Video/session4/S10H/T/MSP-IMPROV-S10H-F04-T-FM01.avi,./data/RAW/MSP-Improv/Audio/session4/S10H/T/MSP-IMPROV-S10H-F04-T-FM01.wav,2.05205,session4,T,dev
MSP-IMPROV-S02H-M06-T-MF01,I'm quite sure that we will find some way or another.,H,4.321429,2.892857,0,./data/RAW/MSP-Improv/Video/session6/S02H/T/MSP-IMPROV-S02H-M06-T-MF01.avi,./data/RAW/MSP-Improv/Audio/session6/S02H/T/MSP-IMPROV-S02H-M06-T-MF01.wav,4.487816666666666,session6,T,dev
MSP-IMPROV-S13S-M06-T-MF01,She told me what you did.,S,2.029412,3.5,1,./data/RAW/MSP-Improv/Video/session6/S13S/T/MSP-IMPROV-S13S-M06-T-MF01.avi,./data/RAW/MSP-Improv/Audio/session6/S13S/T/MSP-IMPROV-S13S-M06-T-MF01.wav,3.55355,session6,T,dev
MSP-IMPROV-S15A-M04-T-MF01,Only I joined her in the ceremony.,A,1.911765,2.617647,0,./data/RAW/MSP-Improv/Video/session4/S15A/T/MSP-IMPROV-S15A-M04-T-MF01.avi,./data/RAW/MSP-Improv/Audio/session4/S15A/T/MSP-IMPROV-S15A-M04-T-MF01.wav,3.486816666666667,session4,T,dev
MSP-IMPROV-S03H-M01-T-MF01,Ella made the pudding.,H,3.233333,3.733333,0,./data/RAW/MSP-Improv/Video/session1/S03H/T/MSP-IMPROV-S03H-M01-T-MF01.avi,./data/RAW/MSP-Improv/Audio/session1/S03H/T/MSP-IMPROV-S03H-M01-T-MF01.wav,1.25125,session1,T,train
MSP-IMPROV-S03A-M04-T-MF01,Ella Jorgensen made the pudding.,A,1.684211,2.210526,0,./data/RAW/MSP-Improv/Video/session4/S03A/T/MSP-IMPROV-S03A-M04-T-MF01.avi,./data/RAW/MSP-Improv/Audio/session4/S03A/T/MSP-IMPROV-S03A-M04-T-MF01.wav,2.55255,session4,T,dev
MSP-IMPROV-S07H-F01-T-FM01,I am going shopping!,H,4.441176,2.764706,0,./data/RAW/MSP-Improv/Video/session1/S07H/T/MSP-IMPROV-S07H-F01-T-FM01.avi,./data/RAW/MSP-Improv/Audio/session1/S07H/T/MSP-IMPROV-S07H-F01-T-FM01.wav,2.619283333333333,session1,T,train
MSP-IMPROV-S03N-M05-T-MF01,Love Jorgenson made the budding.,N,3.205882,3.970588,0,./data/RAW/MSP-Improv/Video/session5/S03N/T/MSP-IMPROV-S03N-M05-T-MF01.avi,./data/RAW/MSP-Improv/Audio/session5/S03N/T/MSP-IMPROV-S03N-M05-T-MF01.wav,2.619283333333333,session5,T,train
MSP-IMPROV-S10N-M05-T-MF01,I don't know how she can miss this opportunity.,N,2.571429,3.464286,1,./data/RAW/MSP-Improv/Video/session5/S10N/T/MSP-IMPROV-S10N-M05-T-MF01.avi,./data/RAW/MSP-Improv/Audio/session5/S10N/T/MSP-IMPROV-S10N-M05-T-MF01.wav,2.285616666666667,session5,T,train
MSP-IMPROV-S08A-M04-T-MF01,A preliminary study shows rats to be more inquisitive than once thought.,A,2.96875,3.34375,0,./data/RAW/MSP-Improv/Video/session4/S08A/T/MSP-IMPROV-S08A-M04-T-MF01.avi,./data/RAW/MSP-Improv/Audio/session4/S08A/T/MSP-IMPROV-S08A-M04-T-MF01.wav,5.0550500000000005,session4,T,dev
MSP-IMPROV-S05S-F01-T-FM01,They are just going to go ahead regardless.,S,2.043478,3.130435,0,./data/RAW/MSP-Improv/Video/session1/S05S/T/MSP-IMPROV-S05S-F01-T-FM01.avi,./data/RAW/MSP-Improv/Audio/session1/S05S/T/MSP-IMPROV-S05S-F01-T-FM01.wav,3.2866166666666667,session1,T,train
MSP-IMPROV-S05S-M04-T-MF01,They're just going to go ahead regardless. .,S,2.3125,3.25,0,./data/RAW/MSP-Improv/Video/session4/S05S/T/MSP-IMPROV-S05S-M04-T-MF01.avi,./data/RAW/MSP-Improv/Audio/session4/S05S/T/MSP-IMPROV-S05S-M04-T-MF01.wav,3.0530500000000003,session4,T,dev
MSP-IMPROV-S15N-F02-T-FM01,Only I joined her in the ceremony.,N,2.344828,3.517241,1,./data/RAW/MSP-Improv/Video/session2/S15N/T/MSP-IMPROV-S15N-F02-T-FM01.avi,./data/RAW/MSP-Improv/Audio/session2/S15N/T/MSP-IMPROV-S15N-F02-T-FM01.wav,2.7027,session2,T,train
MSP-IMPROV-S05H-F01-T-FM01,They are just going to go ahead regardless.,H,3.5,3.25,0,./data/RAW/MSP-Improv/Video/session1/S05H/T/MSP-IMPROV-S05H-F01-T-FM01.avi,./data/RAW/MSP-Improv/Audio/session1/S05H/T/MSP-IMPROV-S05H-F01-T-FM01.wav,2.118783333333333,session1,T,train
MSP-IMPROV-S05N-F01-T-FM01,I think they're just going to go ahead regardless.,N,2.88,3.72,0,./data/RAW/MSP-Improv/Video/session1/S05N/T/MSP-IMPROV-S05N-F01-T-FM01.avi,./data/RAW/MSP-Improv/Audio/session1/S05N/T/MSP-IMPROV-S05N-F01-T-FM01.wav,2.65265,session1,T,train
MSP-IMPROV-S01A-M01-T-MF01,Okay. Not-,A,2.0,2.62963,0,./data/RAW/MSP-Improv/Video/session1/S01A/T/MSP-IMPROV-S01A-M01-T-MF01.avi,./data/RAW/MSP-Improv/Audio/session1/S01A/T/MSP-IMPROV-S01A-M01-T-MF01.wav,1.0176833333333333,session1,T,train
MSP-IMPROV-S01A-F03-T-FM01,How can I not?,A,1.870968,2.774194,0,./data/RAW/MSP-Improv/Video/session3/S01A/T/MSP-IMPROV-S01A-F03-T-FM01.avi,./data/RAW/MSP-Improv/Audio/session3/S01A/T/MSP-IMPROV-S01A-F03-T-FM01.wav,4.487816666666666,session3,T,train
MSP-IMPROV-S06H-F06-T-FM01,It has all been scheduled since Wednesday.,H,3.758621,3.724138,0,./data/RAW/MSP-Improv/Video/session6/S06H/T/MSP-IMPROV-S06H-F06-T-FM01.avi,./data/RAW/MSP-Improv/Audio/session6/S06H/T/MSP-IMPROV-S06H-F06-T-FM01.wav,2.886216666666667,session6,T,dev
MSP-IMPROV-S05H-F04-T-FM01,They're just going to go ahead regardless.,H,3.129032,3.419355,0,./data/RAW/MSP-Improv/Video/session4/S05H/T/MSP-IMPROV-S05H-F04-T-FM01.avi,./data/RAW/MSP-Improv/Audio/session4/S05H/T/MSP-IMPROV-S05H-F04-T-FM01.wav,1.785116666666667,session4,T,dev
MSP-IMPROV-S12A-M05-T-MF01,Your dog is insane.,A,2.647059,2.882353,0,./data/RAW/MSP-Improv/Video/session5/S12A/T/MSP-IMPROV-S12A-M05-T-MF01.avi,./data/RAW/MSP-Improv/Audio/session5/S12A/T/MSP-IMPROV-S12A-M05-T-MF01.wav,2.15215,session5,T,train
MSP-IMPROV-S14H-F06-T-FM01,You're good about us on the phone. Know.,H,4.214286,2.678571,0,./data/RAW/MSP-Improv/Video/session6/S14H/T/MSP-IMPROV-S14H-F06-T-FM01.avi,./data/RAW/MSP-Improv/Audio/session6/S14H/T/MSP-IMPROV-S14H-F06-T-FM01.wav,2.6860166666666667,session6,T,dev
MSP-IMPROV-S10S-F03-T-FM01,I don't know how she could miss this opportunity.,S,2.086957,3.434783,1,./data/RAW/MSP-Improv/Video/session3/S10S/T/MSP-IMPROV-S10S-F03-T-FM01.avi,./data/RAW/MSP-Improv/Audio/session3/S10S/T/MSP-IMPROV-S10S-F03-T-FM01.wav,4.1541500000000005,session3,T,train
MSP-IMPROV-S01H-M03-T-MF01,How can I not?,H,3.911765,3.147059,0,./data/RAW/MSP-Improv/Video/session3/S01H/T/MSP-IMPROV-S01H-M03-T-MF01.avi,./data/RAW/MSP-Improv/Audio/session3/S01H/T/MSP-IMPROV-S01H-M03-T-MF01.wav,1.8852166666666668,session3,T,train
MSP-IMPROV-S13S-F02-T-FM01,She told me what you did.,S,2.424242,3.212121,0,./data/RAW/MSP-Improv/Video/session2/S13S/T/MSP-IMPROV-S13S-F02-T-FM01.avi,./data/RAW/MSP-Improv/Audio/session2/S13S/T/MSP-IMPROV-S13S-F02-T-FM01.wav,1.634966666666667,session2,T,train
MSP-IMPROV-S13H-M02-T-MF01,She told me what you did.,H,3.633333,3.733333,0,./data/RAW/MSP-Improv/Video/session2/S13H/T/MSP-IMPROV-S13H-M02-T-MF01.avi,./data/RAW/MSP-Improv/Audio/session2/S13H/T/MSP-IMPROV-S13H-M02-T-MF01.wav,2.4024,session2,T,train
MSP-IMPROV-S15A-F05-T-FM01,Only I joined her in the ceremony.,A,1.866667,2.466667,0,./data/RAW/MSP-Improv/Video/session5/S15A/T/MSP-IMPROV-S15A-F05-T-FM01.avi,./data/RAW/MSP-Improv/Audio/session5/S15A/T/MSP-IMPROV-S15A-F05-T-FM01.wav,3.1197833333333334,session5,T,train
MSP-IMPROV-S04A-F04-T-FM01,The floor was completely covered.,A,2.242424,3.121212,0,./data/RAW/MSP-Improv/Video/session4/S04A/T/MSP-IMPROV-S04A-F04-T-FM01.avi,./data/RAW/MSP-Improv/Audio/session4/S04A/T/MSP-IMPROV-S04A-F04-T-FM01.wav,3.019683333333333,session4,T,dev
MSP-IMPROV-S07N-F02-T-FM01,I'm going shopping.,N,2.8125,3.59375,0,./data/RAW/MSP-Improv/Video/session2/S07N/T/MSP-IMPROV-S07N-F02-T-FM01.avi,./data/RAW/MSP-Improv/Audio/session2/S07N/T/MSP-IMPROV-S07N-F02-T-FM01.wav,2.6026,session2,T,train
MSP-IMPROV-S06H-M03-T-MF01,It has all been scheduled since Wednesday.,H,3.833333,3.833333,0,./data/RAW/MSP-Improv/Video/session3/S06H/T/MSP-IMPROV-S06H-M03-T-MF01.avi,./data/RAW/MSP-Improv/Audio/session3/S06H/T/MSP-IMPROV-S06H-M03-T-MF01.wav,2.869533333333333,session3,T,train
MSP-IMPROV-S08A-F06-T-FM01,A preliminary study shows rats to be more inquisitive than one spot.,A,3.185185,3.0,0,./data/RAW/MSP-Improv/Video/session6/S08A/T/MSP-IMPROV-S08A-F06-T-FM01.avi,./data/RAW/MSP-Improv/Audio/session6/S08A/T/MSP-IMPROV-S08A-F06-T-FM01.wav,4.821483333333333,session6,T,dev
MSP-IMPROV-S15S-M02-T-MF01,Only I joined during the ceremony.,S,2.615385,3.961538,1,./data/RAW/MSP-Improv/Video/session2/S15S/T/MSP-IMPROV-S15S-M02-T-MF01.avi,./data/RAW/MSP-Improv/Audio/session2/S15S/T/MSP-IMPROV-S15S-M02-T-MF01.wav,2.886216666666667,session2,T,train
MSP-IMPROV-S01A-M04-T-MF01,How can I not?!,A,1.823529,2.411765,0,./data/RAW/MSP-Improv/Video/session4/S01A/T/MSP-IMPROV-S01A-M04-T-MF01.avi,./data/RAW/MSP-Improv/Audio/session4/S01A/T/MSP-IMPROV-S01A-M04-T-MF01.wav,1.6182833333333333,session4,T,dev
MSP-IMPROV-S09A-M04-T-MF01,That's it. The meeting is finished.,A,2.0,2.782609,0,./data/RAW/MSP-Improv/Video/session4/S09A/T/MSP-IMPROV-S09A-M04-T-MF01.avi,./data/RAW/MSP-Improv/Audio/session4/S09A/T/MSP-IMPROV-S09A-M04-T-MF01.wav,2.4858166666666666,session4,T,dev
MSP-IMPROV-S02S-F01-T-FM01,I'm quite sure that we will find some way or another.,S,2.32,3.5,1,./data/RAW/MSP-Improv/Video/session1/S02S/T/MSP-IMPROV-S02S-F01-T-FM01.avi,./data/RAW/MSP-Improv/Audio/session1/S02S/T/MSP-IMPROV-S02S-F01-T-FM01.wav,3.319983333333333,session1,T,train
MSP-IMPROV-S03H-F02-T-FM01,Ella Jorgensen made the pudding.,H,3.75,3.3125,0,./data/RAW/MSP-Improv/Video/session2/S03H/T/MSP-IMPROV-S03H-F02-T-FM01.avi,./data/RAW/MSP-Improv/Audio/session2/S03H/T/MSP-IMPROV-S03H-F02-T-FM01.wav,2.6026,session2,T,train
MSP-IMPROV-S02H-M03-T-MF01,I'm quite sure that we'll find some way or another.,H,3.851852,3.777778,0,./data/RAW/MSP-Improv/Video/session3/S02H/T/MSP-IMPROV-S02H-M03-T-MF01.avi,./data/RAW/MSP-Improv/Audio/session3/S02H/T/MSP-IMPROV-S02H-M03-T-MF01.wav,3.2866166666666667,session3,T,train
MSP-IMPROV-S03N-M04-T-MF01,Ella Jorgensen made the pudding.,N,2.9375,3.375,0,./data/RAW/MSP-Improv/Video/session4/S03N/T/MSP-IMPROV-S03N-M04-T-MF01.avi,./data/RAW/MSP-Improv/Audio/session4/S03N/T/MSP-IMPROV-S03N-M04-T-MF01.wav,2.3857166666666667,session4,T,dev
MSP-IMPROV-S05N-M05-T-MF01,"They're just going to go ahead, regardless.",N,2.09375,3.65625,1,./data/RAW/MSP-Improv/Video/session5/S05N/T/MSP-IMPROV-S05N-M05-T-MF01.avi,./data/RAW/MSP-Improv/Audio/session5/S05N/T/MSP-IMPROV-S05N-M05-T-MF01.wav,2.95295,session5,T,train
MSP-IMPROV-S10S-M03-T-MF01,I don't know how she can miss this opportunity.,S,2.481481,3.518519,1,./data/RAW/MSP-Improv/Video/session3/S10S/T/MSP-IMPROV-S10S-M03-T-MF01.avi,./data/RAW/MSP-Improv/Audio/session3/S10S/T/MSP-IMPROV-S10S-M03-T-MF01.wav,3.336666666666667,session3,T,train
MSP-IMPROV-S12N-M05-T-MF01,Your dog is insane.,N,3.344828,3.413793,0,./data/RAW/MSP-Improv/Video/session5/S12N/T/MSP-IMPROV-S12N-M05-T-MF01.avi,./data/RAW/MSP-Improv/Audio/session5/S12N/T/MSP-IMPROV-S12N-M05-T-MF01.wav,1.45145,session5,T,train
MSP-IMPROV-S04N-F01-T-FM01,The floor was completely covered.,N,2.769231,3.884615,0,./data/RAW/MSP-Improv/Video/session1/S04N/T/MSP-IMPROV-S04N-F01-T-FM01.avi,./data/RAW/MSP-Improv/Audio/session1/S04N/T/MSP-IMPROV-S04N-F01-T-FM01.wav,1.2846166666666667,session1,T,train
MSP-IMPROV-S05N-M04-T-MF01,"They are just going to go ahead, regardless.",N,2.807692,3.576923,0,./data/RAW/MSP-Improv/Video/session4/S05N/T/MSP-IMPROV-S05N-M04-T-MF01.avi,./data/RAW/MSP-Improv/Audio/session4/S05N/T/MSP-IMPROV-S05N-M04-T-MF01.wav,2.85285,session4,T,dev
MSP-IMPROV-S09H-M03-T-MF01,"That's it, the meeting's finished.",H,3.555556,3.962963,0,./data/RAW/MSP-Improv/Video/session3/S09H/T/MSP-IMPROV-S09H-M03-T-MF01.avi,./data/RAW/MSP-Improv/Audio/session3/S09H/T/MSP-IMPROV-S09H-M03-T-MF01.wav,2.4024,session3,T,train
MSP-IMPROV-S03H-M04-T-MF01,Ella Jorgensen made the pudding.,H,4.366667,3.0,0,./data/RAW/MSP-Improv/Video/session4/S03H/T/MSP-IMPROV-S03H-M04-T-MF01.avi,./data/RAW/MSP-Improv/Audio/session4/S03H/T/MSP-IMPROV-S03H-M04-T-MF01.wav,2.7527500000000003,session4,T,dev
MSP-IMPROV-S03H-M05-T-MF01,Oh Jorgensen made the pudding.,H,4.346154,2.384615,0,./data/RAW/MSP-Improv/Video/session5/S03H/T/MSP-IMPROV-S03H-M05-T-MF01.avi,./data/RAW/MSP-Improv/Audio/session5/S03H/T/MSP-IMPROV-S03H-M05-T-MF01.wav,2.018683333333333,session5,T,train
MSP-IMPROV-S14H-M02-T-MF01,Your grandmother is on the phone.,H,4.24,3.12,0,./data/RAW/MSP-Improv/Video/session2/S14H/T/MSP-IMPROV-S14H-M02-T-MF01.avi,./data/RAW/MSP-Improv/Audio/session2/S14H/T/MSP-IMPROV-S14H-M02-T-MF01.wav,2.3023,session2,T,train
MSP-IMPROV-S04A-F06-T-FM01,The floor was completely covered.,A,2.294118,3.058824,0,./data/RAW/MSP-Improv/Video/session6/S04A/T/MSP-IMPROV-S04A-F06-T-FM01.avi,./data/RAW/MSP-Improv/Audio/session6/S04A/T/MSP-IMPROV-S04A-F06-T-FM01.wav,3.5869166666666668,session6,T,dev
MSP-IMPROV-S02A-M01-T-MF01,I'm quite sure that we'll find some way or another.,A,2.6,3.2,0,./data/RAW/MSP-Improv/Video/session1/S02A/T/MSP-IMPROV-S02A-M01-T-MF01.avi,./data/RAW/MSP-Improv/Audio/session1/S02A/T/MSP-IMPROV-S02A-M01-T-MF01.wav,2.0854166666666667,session1,T,train
MSP-IMPROV-S03A-M06-T-MF01,Ella Jorgensen made the pudding.,A,2.518519,3.481481,1,./data/RAW/MSP-Improv/Video/session6/S03A/T/MSP-IMPROV-S03A-M06-T-MF01.avi,./data/RAW/MSP-Improv/Audio/session6/S03A/T/MSP-IMPROV-S03A-M06-T-MF01.wav,3.15315,session6,T,dev
MSP-IMPROV-S10H-F06-T-FM01,I don't know how she could miss this opportunity.,H,3.192308,2.807692,0,./data/RAW/MSP-Improv/Video/session6/S10H/T/MSP-IMPROV-S10H-F06-T-FM01.avi,./data/RAW/MSP-Improv/Audio/session6/S10H/T/MSP-IMPROV-S10H-F06-T-FM01.wav,3.15315,session6,T,dev
MSP-IMPROV-S03S-M05-T-MF01,I love Jorgensen made the .,S,2.44,3.6,1,./data/RAW/MSP-Improv/Video/session5/S03S/T/MSP-IMPROV-S03S-M05-T-MF01.avi,./data/RAW/MSP-Improv/Audio/session5/S03S/T/MSP-IMPROV-S03S-M05-T-MF01.wav,2.585916666666667,session5,T,train
MSP-IMPROV-S14A-F04-T-FM01,When your grandmother's on the phone...,A,2.714286,3.257143,0,./data/RAW/MSP-Improv/Video/session4/S14A/T/MSP-IMPROV-S14A-F04-T-FM01.avi,./data/RAW/MSP-Improv/Audio/session4/S14A/T/MSP-IMPROV-S14A-F04-T-FM01.wav,1.3680333333333334,session4,T,dev
MSP-IMPROV-S08H-M03-T-MF01,"Preliminary study, so's raft to be more inquisitive than once thought.",H,3.44,4.04,0,./data/RAW/MSP-Improv/Video/session3/S08H/T/MSP-IMPROV-S08H-M03-T-MF01.avi,./data/RAW/MSP-Improv/Audio/session3/S08H/T/MSP-IMPROV-S08H-M03-T-MF01.wav,3.7037,session3,T,train
