{"train_loss": [0.9636869679338166, 0.8612380069015282, 0.8026936211224113, 0.7318133810268981, 0.6652189034835568, 0.5908683473244309, 0.521480990839856, 0.4747142075294895], "val_loss": [1.007583829652832, 0.9282607120203684, 1.1182989531970886, 1.154653821724007, 1.210063159824854, 1.13164674948497, 1.6517449218824685, 1.69793290330703], "val_f1": [0.6800119479235334, 0.6615009726489733, 0.7123823866663688, 0.7054035542044325, 0.7062417536718888, 0.6876469404578764, 0.6616091563181098, 0.6745451663138655], "val_acc": [0.6800302571860817, 0.6618759455370651, 0.7182299546142209, 0.7125567322239031, 0.7174735249621785, 0.6902420574886535, 0.6925113464447806, 0.7004538577912254]}