{"train_loss": [0.9728629525218692, 0.8500561787347708, 0.8070072867641491, 0.7320666780828365, 0.6689853485274527, 0.589090958237648, 0.5212278729969901, 0.4659394428932241, 0.42656846617215444], "val_loss": [0.9980589022119362, 0.9547405325504671, 1.0471027209816208, 1.1462928282927318, 1.0826331229813129, 1.2006599411188839, 1.4921940750027278, 1.7773007626634045, 2.0149753267865584], "val_f1": [0.6781391370149205, 0.700878935562292, 0.7129328734854785, 0.7201441555816246, 0.711011179813878, 0.6879548630610339, 0.6853776478074397, 0.6510465060407868, 0.6487280968622482], "val_acc": [0.6781391830559758, 0.7012102874432677, 0.716338880484115, 0.7273071104387292, 0.7140695915279879, 0.693267776096823, 0.7061270801815431, 0.6800302571860817, 0.6849470499243571]}