{"train_loss": [0.9964519558208329, 0.8873009174796087, 0.8173534435752247, 0.7564666625777525, 0.6858538429119757, 0.6343389577232301, 0.5653627450311822, 0.5102028877673936, 0.46035031555220485, 0.43613294741537956, 0.41163567550081226], "val_loss": [1.1542666647807662, 1.0228079614869083, 1.0460353845573334, 1.301739390715059, 1.2172470739088863, 1.2198672215622592, 2.2255938837686218, 1.3834937229213944, 1.915695412869913, 2.1473569010934197, 1.8337920645633377], "val_f1": [0.6596384212279733, 0.6580842109479381, 0.6583640586921966, 0.6898879043629522, 0.669876960926602, 0.6927228215031828, 0.6216756570281629, 0.6309723146071446, 0.6596236305360343, 0.638453022402091, 0.6701542866514316], "val_acc": [0.6603630862329803, 0.6580937972768532, 0.6584720121028744, 0.7091527987897126, 0.6751134644478064, 0.7000756429652042, 0.6686838124054463, 0.6350226928895613, 0.6902420574886535, 0.6853252647503782, 0.6970499243570348]}