{"train_loss": [0.9884355411465678, 0.8968577485398522, 0.8385151184297034, 0.7723307977430522, 0.7049325335371707, 0.6365714934654534, 0.5842243124664362, 0.5265531078579703], "val_loss": [1.082835457052093, 1.029446258602372, 1.0772265860115189, 1.1216598402663887, 0.9834287683647799, 1.1401379138051746, 1.3141588414738696, 1.3713950166052364], "val_f1": [0.6680662410826697, 0.6848324192434392, 0.7137053887195788, 0.7030993950817168, 0.6991576041473206, 0.681927996903043, 0.7046832328094716, 0.7033283936047279], "val_acc": [0.6683055975794251, 0.6857034795763994, 0.7186081694402421, 0.7061270801815431, 0.699697428139183, 0.6841906202723147, 0.7148260211800302, 0.7152042360060514]}