{"train_loss": [0.9913017069920897, 0.8903612390692744, 0.8235793397096651, 0.7502782717347145, 0.6692418843906905, 0.602105643001518, 0.5378389642241278], "val_loss": [1.1005185318280415, 1.0625041389321705, 1.038156029689743, 1.0256438359438655, 1.0888556960117386, 1.6554649996470256, 1.30992179929492], "val_f1": [0.6753846928753117, 0.7130302310426669, 0.690238396805525, 0.6595971126694076, 0.6597080810860392, 0.6460411779560715, 0.6573912455483275], "val_acc": [0.6754916792738276, 0.7174735249621785, 0.6917549167927383, 0.659606656580938, 0.6603630862329803, 0.6671709531013615, 0.6622541603630863]}