{"train_loss": [1.0444381974105323, 0.9898173629439303, 0.9228940753798399, 0.8624803383967706, 0.7858515927967217, 0.7036418387932437, 0.6461919998483998], "val_loss": [1.2119060140776348, 1.2055438397878624, 1.235319363783641, 1.4149831389806358, 1.335000655378204, 1.6501877429973648, 1.4042443171682129], "val_f1": [0.6209584744986723, 0.6418298407352356, 0.6177195445685609, 0.6018821757952193, 0.6182059723906891, 0.5943855133853436, 0.6290589040350681], "val_acc": [0.6210287443267776, 0.6422087745839636, 0.6180030257186082, 0.6127080181543116, 0.6217851739788199, 0.6104387291981845, 0.6293494704992436]}