{"train_loss": [1.0523790552147798, 0.9845219154709152, 0.9349942848618541, 0.8590925478908632, 0.799939169814544, 0.6992295615907226, 0.6456296568337295, 0.5699704147742263, 0.5120024955498853, 0.462511577576931], "val_loss": [1.1953970854540905, 1.2387634099247944, 1.1184297153748661, 1.6268534565187363, 1.3276320602520402, 1.601962838007743, 1.6662545489618577, 2.156054681234331, 1.851453113627721, 1.867031890943826], "val_f1": [0.6159407833214148, 0.6232960933812065, 0.6279899938610274, 0.573373232412134, 0.6381404467726973, 0.5849923990652769, 0.5732884468411176, 0.5334018482196196, 0.5684269517763143, 0.6301564023856935], "val_acc": [0.6164901664145235, 0.6232980332829047, 0.6282148260211801, 0.6006051437216339, 0.6418305597579426, 0.6024962178517398, 0.5881240544629349, 0.6032526475037822, 0.5828290468986385, 0.6467473524962178]}