{"train_loss": [1.0696481264063291, 1.0060573051284467, 0.9487755768267172, 0.8572473105575357, 0.770854906511626, 0.671733097771981, 0.580141114869288], "val_loss": [1.1750462758971985, 1.2539766969450985, 1.4075598562338265, 1.2782457399081035, 1.4030826738081783, 1.8845606629388878, 1.8129224202719079], "val_f1": [0.6268333516553986, 0.63118984516669, 0.5850079279176637, 0.6015413778372194, 0.5732214502257216, 0.5492191244504585, 0.5644167741810892], "val_acc": [0.6270801815431165, 0.6312405446293494, 0.5998487140695915, 0.6017397881996974, 0.5741301059001512, 0.563161875945537, 0.5805597579425114]}