{"train_loss": [1.0477580817948495, 0.9969636082117047, 0.9373398791732532, 0.8789056796314461, 0.7876363867627723, 0.7108160320536366, 0.6202711120380887, 0.5641004810375827, 0.5077120576253427, 0.46069526921824683, 0.4325811478109764, 0.39806314087140243, 0.3724560442247561], "val_loss": [1.15252119159124, 1.1689710624246712, 1.080091227968055, 1.2654256896082177, 1.6121581539691212, 1.18407744061516, 1.4304463068045765, 1.477201665471117, 1.8506966528134892, 1.7876160657369946, 1.6741701742881034, 2.00394196880151, 2.270099825169667], "val_f1": [0.6119086007325335, 0.6236309701361752, 0.6308590335148037, 0.6421791669284505, 0.5380586797280154, 0.6368886271911227, 0.6608658272782739, 0.6662731558822438, 0.590465000544773, 0.6454875902218447, 0.6633763978362142, 0.6417104341697888, 0.6196338329501162], "val_acc": [0.6127080181543116, 0.6236762481089259, 0.6312405446293494, 0.6456127080181543, 0.5624054462934948, 0.6369137670196672, 0.6641452344931922, 0.6720877458396369, 0.6021180030257186, 0.6622541603630863, 0.6717095310136157, 0.653177004538578, 0.6459909228441755]}