{"train_loss": [1.0476902591596757, 0.9892060590375747, 0.9444003207609057, 0.8715462797720518, 0.796528194565326, 0.7064746022224426, 0.6329320972519261, 0.560240277820932, 0.5096616000269673, 0.4651032348296472], "val_loss": [1.1648402300225682, 1.1621056838207935, 1.0966321872659477, 1.0938899420112012, 1.2023804701236358, 1.2407704990312278, 1.4316723824265492, 1.54769947640149, 1.8533336751791367, 1.4940934766487903], "val_f1": [0.6421686443626509, 0.6629894702310826, 0.6244840831010621, 0.6325313164181664, 0.667830373096773, 0.6406484538747474, 0.6056657126107796, 0.6504212403416016, 0.6182737750771605, 0.6528870849385433], "val_acc": [0.6422087745839636, 0.663767019667171, 0.6248108925869894, 0.6327534039334342, 0.6690620272314675, 0.6410741301059002, 0.6074130105900152, 0.655446293494705, 0.6376701966717095, 0.653555219364599]}