{"train_loss": [0.9843524593327727, 0.8941338362970522, 0.8245177332178822, 0.7579395170323551, 0.6977501260781926, 0.6417096913792193, 0.572485866590536, 0.5311715351085046, 0.47041091326225015, 0.433330224893455], "val_loss": [1.1006689272731183, 1.0056195840778122, 0.992889863180827, 0.9938270399369389, 1.1367519126240029, 1.030733264354338, 1.1620944867651146, 1.151322792542268, 1.3562524647238743, 1.3287738926080337], "val_f1": [0.6641219801517886, 0.6851290654101265, 0.694741248884369, 0.6897615945894586, 0.7106852772879941, 0.6923017903728542, 0.7002694851045252, 0.6921003216470865, 0.6850064823574757, 0.6953767148071919], "val_acc": [0.6641452344931922, 0.6853252647503782, 0.6955370650529501, 0.6898638426626323, 0.7174735249621785, 0.6925113464447806, 0.7031013615733737, 0.6940242057488654, 0.6913767019667171, 0.6989409984871406]}