{"train_loss": [0.9721856811749083, 0.8610831220368189, 0.8053267437831632, 0.7573527080406036, 0.6868480976804027, 0.6155665031235132, 0.5573422061279416, 0.507621909125841, 0.4482892316633037, 0.4066668157133141, 0.3895981173097555], "val_loss": [0.9625178776591657, 0.9596924020583371, 0.9298412185835551, 0.9802409805447222, 0.9911862843366991, 1.047810090773077, 1.0704152181924107, 1.2220046771129212, 1.179431022425373, 1.4703210044697106, 1.626708258526871], "val_f1": [0.6697537845701906, 0.7153732872878218, 0.7159544788436318, 0.7266510581804883, 0.7109666179475659, 0.735624754093213, 0.7198688998500371, 0.7226573426573426, 0.7198688998500371, 0.7138981788350283, 0.6732384762618526], "val_acc": [0.6698184568835098, 0.716338880484115, 0.7167170953101362, 0.7284417549167927, 0.7118003025718608, 0.7386535552193646, 0.722768532526475, 0.7276853252647504, 0.722768532526475, 0.7235249621785174, 0.6819213313161876]}