{"train_loss": [0.9910733685163515, 0.8760739508351045, 0.829648745911462, 0.754204046380307, 0.6927013267496867, 0.6420838178268501, 0.574943623904671, 0.522911855086152, 0.46944301488942336, 0.4428204829205892], "val_loss": [1.1366598412214992, 1.0165056532405945, 1.066938677106995, 0.9898935129125435, 1.128672248268702, 1.2261346318276531, 1.4004466232047024, 1.1367251612694866, 1.5200997418667896, 1.782836294272937], "val_f1": [0.6591815902514744, 0.6622537255424221, 0.6840496648336118, 0.6648861326056318, 0.7009188931408699, 0.689288374122126, 0.6753041356003335, 0.6799147179766404, 0.6850082505121007, 0.6898303828391135], "val_acc": [0.6592284417549168, 0.6622541603630863, 0.6853252647503782, 0.6649016641452344, 0.705748865355522, 0.6962934947049925, 0.6883509833585476, 0.680786686838124, 0.6959152798789713, 0.7246596066565809]}