{"train_loss": [0.9580514650525791, 0.8468008111896259, 0.8075386780048055, 0.7425795894648347, 0.6788394395927233, 0.610693988523313, 0.5365935995110444, 0.4848497133435948, 0.4428182603857879, 0.3898941256172423, 0.3713475806871429, 0.32718295459302943, 0.33805185903994633, 0.2922898445644283], "val_loss": [0.9784667093351663, 0.9549812854054462, 0.980888152337936, 0.9401434832308666, 0.9445567730679569, 1.0224519761570965, 1.0868299463427211, 1.1158833220062485, 1.3104810465620942, 1.3928700664854912, 1.620615610561098, 1.7389293471912304, 1.4046899986464576, 1.5238827896046352], "val_f1": [0.6636695951513805, 0.7190134392619464, 0.7258311896353817, 0.7262717991279486, 0.7039914330218069, 0.717327015231385, 0.6979947285283962, 0.6874114023335967, 0.7285258524471129, 0.6917382322663553, 0.7079822501225183, 0.7074926883160615, 0.6902159519318682, 0.7011285333506687], "val_acc": [0.663767019667171, 0.7201210287443268, 0.7284417549167927, 0.7276853252647504, 0.7042360060514372, 0.7186081694402421, 0.6989409984871406, 0.6875945537065052, 0.7371406959152799, 0.6936459909228442, 0.7257942511346445, 0.7235249621785174, 0.6921331316187594, 0.7053706505295008]}