{"train_loss": [0.9663558479930673, 0.8638843078432339, 0.8013844853932304, 0.7281679886925433, 0.6723436311419521, 0.6140095938795379, 0.5471565722753959, 0.5078364753696535, 0.4524968413835658], "val_loss": [1.0489384162138744, 1.0490914550890404, 1.287800173263952, 1.2130190051463714, 1.2500646293881428, 1.2612472528434662, 2.3467934668872013, 1.3601294504590782, 1.2859491709485111], "val_f1": [0.6810268770417094, 0.7035819268759006, 0.6868744534058886, 0.7133691404741795, 0.7092061977329795, 0.706947974357029, 0.5866411997736276, 0.7028875221391402, 0.7058918139639725], "val_acc": [0.6811649016641452, 0.7061270801815431, 0.7049924357034796, 0.7265506807866868, 0.722768532526475, 0.7170953101361573, 0.6656580937972768, 0.7148260211800302, 0.7133131618759455]}