{"train_loss": [0.9504278867638537, 0.8524651858024299, 0.7874643012349095, 0.7285887098072895, 0.6764840607398322, 0.6091148170110371, 0.5528385957503426, 0.4973954638532762, 0.4516550744883716, 0.42023360185391667, 0.39045506150328685, 0.3604846592726452, 0.3385418215433934, 0.3148758707102388, 0.30177503110774395], "val_loss": [0.982230595795505, 0.9631289168294653, 0.9754204082201763, 0.9894030629152275, 1.051015604332269, 1.056771371019892, 1.4246592449854656, 1.3097100735428822, 1.9654070221516022, 1.5923475834978633, 1.6197417583092149, 2.604090682713382, 2.394376969660621, 1.6449008505028415, 1.8913490104388042], "val_f1": [0.6605485770457209, 0.6709303183919549, 0.675479795378858, 0.6829681776556777, 0.6912499326719022, 0.6951955474293074, 0.6949092950765716, 0.6881928759646151, 0.6450383307612201, 0.6988331922889628, 0.6929660515387899, 0.6415836392681737, 0.6759307229948198, 0.6946019627225088, 0.6937727617846526], "val_acc": [0.6607413010590015, 0.6709531013615734, 0.6754916792738276, 0.6830559757942511, 0.6925113464447806, 0.6966717095310136, 0.7182299546142209, 0.6966717095310136, 0.6762481089258698, 0.7182299546142209, 0.710287443267776, 0.6962934947049925, 0.7133131618759455, 0.7023449319213313, 0.7106656580937972]}