{"train_loss": [1.0465188469471676, 0.9924792080585446, 0.9373847808954971, 0.8548078986683062, 0.7615367111616901, 0.6709360665242586], "val_loss": [1.2265805293278522, 1.182682664279478, 1.2665698248219777, 1.246671065508601, 1.6431563363735935, 1.8866669865975898], "val_f1": [0.6346436418566328, 0.6232557820139537, 0.5846963579433091, 0.5796039954551784, 0.5393692511739194, 0.5635470914280968], "val_acc": [0.6346444780635401, 0.6232980332829047, 0.5847201210287444, 0.5801815431164902, 0.5495461422087746, 0.5888804841149773]}