{"train_loss": [1.0144232825509139, 0.9017758844420314, 0.8309584971783417, 0.7633996944475386, 0.6927055467053184, 0.6224297389521131, 0.5523797942857657, 0.4999980136219944], "val_loss": [1.0309272451573108, 1.0090375129716942, 1.1652624912290688, 1.1567305254648967, 1.332534909248352, 1.7370858260666031, 1.6049586839704628, 1.7475952520427933], "val_f1": [0.6482918368629782, 0.6694334328194236, 0.6867712222170586, 0.6717285800224647, 0.654176968103293, 0.6263058805759198, 0.6391522207670182, 0.6152712711478643], "val_acc": [0.6486384266263238, 0.6694402420574886, 0.6962934947049925, 0.6773827534039334, 0.6667927382753404, 0.653177004538578, 0.6524205748865356, 0.6285930408472012]}